ID;ID_ALUNO;ID_CURSO;AcertosConhecEspecificos;PercenConhecEspecificos;AcertosfundaGerais;PercenFundaGerais;NotasTeste;PercenTotal;ClassGeral;ClassUnidade
1;1;1;9,00;30,00;4,00;40,00;13,00;32,50;21,00;10,00
2;2;2;6,00;20,00;8,00;80,00;14,00;35,00;20,00;11,00
3;3;3;17,00;56,67;2,00;20,00;19,00;47,50;15,00;4,00
4;4;4;8,00;26,67;10,00;100,00;18,00;45,00;16,00;2,00
5;5;5;12,00;40,00;3,00;30,00;15,00;37,50;19,00;9,00
6;6;6;11,00;36,67;7,00;70,00;18,00;45,00;16,00;4,00
7;7;7;13,00;43,33;6,00;60,00;19,00;47,50;15,00;5,00
8;8;8;10,00;33,33;9,00;90,00;19,00;47,50;15,00;4,00
9;9;9;10,00;33,33;3,00;30,00;13,00;32,50;21,00;14,00
10;10;10;12,00;40,00;8,00;80,00;20,00;50,00;14,00;5,00
11;11;11;9,00;30,00;7,00;70,00;16,00;40,00;18,00;11,00
12;12;12;12,00;40,00;5,00;50,00;17,00;42,50;17,00;5,00
13;13;13;13,00;43,33;7,00;70,00;20,00;50,00;14,00;6,00
14;14;14;10,00;33,33;4,00;40,00;14,00;35,00;20,00;4,00
15;15;15;14,00;46,67;6,00;60,00;20,00;50,00;14,00;4,00
16;16;16;15,00;50,00;7,00;70,00;22,00;55,00;12,00;3,00
17;17;17;14,00;46,67;8,00;80,00;22,00;55,00;12,00;3,00
18;18;18;13,00;43,33;7,00;70,00;20,00;50,00;14,00;5,00
19;19;19;23,00;76,67;9,00;90,00;32,00;80,00;4,00;1,00
20;20;20;9,00;30,00;5,00;50,00;14,00;35,00;20,00;5,00
21;21;21;10,00;33,33;5,00;50,00;15,00;37,50;19,00;4,00
22;22;22;6,00;20,00;5,00;50,00;11,00;27,50;23,00;16,00
23;23;23;14,00;46,67;8,00;80,00;22,00;55,00;12,00;2,00
24;24;24;8,00;26,67;7,00;70,00;15,00;37,50;19,00;10,00
25;25;25;11,00;36,67;8,00;80,00;19,00;47,50;15,00;5,00
26;26;26;9,00;30,00;6,00;60,00;15,00;37,50;19,00;4,00
27;27;27;5,00;16,67;7,00;70,00;12,00;30,00;22,00;13,00
28;28;28;8,00;26,67;6,00;60,00;14,00;35,00;20,00;11,00
29;29;29;9,00;30,00;6,00;60,00;15,00;37,50;19,00;9,00
30;30;30;12,00;40,00;6,00;60,00;18,00;45,00;16,00;6,00
31;31;31;11,00;36,67;6,00;60,00;17,00;42,50;17,00;7,00
32;32;32;12,00;40,00;7,00;70,00;19,00;47,50;15,00;5,00
33;33;33;11,00;36,67;5,00;50,00;16,00;40,00;18,00;3,00
34;34;34;9,00;30,00;5,00;50,00;14,00;35,00;20,00;9,00
35;35;35;15,00;50,00;7,00;70,00;22,00;55,00;12,00;3,00
36;36;36;14,00;46,67;9,00;90,00;23,00;57,50;11,00;3,00
37;37;37;11,00;36,67;5,00;50,00;16,00;40,00;18,00;3,00
38;38;38;14,00;46,67;7,00;70,00;21,00;52,50;13,00;6,00
39;39;39;12,00;40,00;6,00;60,00;18,00;45,00;16,00;9,00
40;40;40;9,00;30,00;7,00;70,00;16,00;40,00;18,00;8,00
41;41;41;8,00;26,67;3,00;30,00;11,00;27,50;23,00;11,00
42;42;42;10,00;33,33;6,00;60,00;16,00;40,00;18,00;3,00
43;43;43;9,00;30,00;4,00;40,00;13,00;32,50;21,00;12,00
44;44;44;14,00;46,67;6,00;60,00;20,00;50,00;14,00;3,00
45;45;45;14,00;46,67;6,00;60,00;20,00;50,00;14,00;4,00
46;46;46;14,00;46,67;7,00;70,00;21,00;52,50;13,00;6,00
47;47;47;8,00;26,67;5,00;50,00;13,00;32,50;21,00;13,00
48;48;48;11,00;36,67;7,00;70,00;18,00;45,00;16,00;2,00
49;49;49;11,00;36,67;6,00;60,00;17,00;42,50;17,00;10,00
50;50;50;17,00;56,67;8,00;80,00;25,00;62,50;9,00;2,00
51;51;51;11,00;36,67;8,00;80,00;19,00;47,50;15,00;1,00
52;52;52;7,00;23,33;5,00;50,00;12,00;30,00;22,00;11,00
53;53;53;7,00;23,33;8,00;80,00;15,00;37,50;19,00;7,00
54;54;54;12,00;40,00;8,00;80,00;20,00;50,00;14,00;1,00
55;55;55;7,00;23,33;6,00;60,00;13,00;32,50;21,00;6,00
56;56;56;9,00;30,00;5,00;50,00;14,00;35,00;20,00;13,00
57;57;57;8,00;26,67;7,00;70,00;15,00;37,50;19,00;4,00
58;58;58;16,00;53,33;6,00;60,00;22,00;55,00;12,00;5,00
59;59;59;9,00;30,00;3,00;30,00;12,00;30,00;22,00;7,00
60;60;60;7,00;23,33;7,00;70,00;14,00;35,00;20,00;13,00
61;61;61;8,00;26,67;6,00;60,00;14,00;35,00;20,00;13,00
62;62;62;10,00;33,33;9,00;90,00;19,00;47,50;15,00;5,00
63;63;63;9,00;30,00;5,00;50,00;14,00;35,00;20,00;11,00
64;64;64;14,00;46,67;6,00;60,00;20,00;50,00;14,00;5,00
65;65;65;14,00;46,67;9,00;90,00;23,00;57,50;11,00;1,00
66;66;66;10,00;33,33;3,00;30,00;13,00;32,50;21,00;6,00
67;67;67;7,00;23,33;4,00;40,00;11,00;27,50;23,00;11,00
68;68;68;14,00;40,00;6,00;60,00;18,00;45,00;16,00;7,00
69;69;69;16,00;53,33;6,00;60,00;22,00;55,00;12,00;5,00
70;70;70;13,00;43,33;4,00;40,00;17,00;42,50;17,00;5,00
71;71;71;10,00;33,33;6,00;60,00;16,00;40,00;18,00;6,00
72;72;72;11,00;36,67;4,00;40,00;15,00;37,50;19,00;4,00
73;73;73;11,00;36,67;4,00;40,00;15,00;37,50;19,00;8,00
74;74;74;8,00;26,67;6,00;60,00;14,00;35,00;20,00;5,00
75;75;75;7,00;23,33;8,00;80,00;15,00;37,50;19,00;7,00
76;76;76;12,00;40,00;7,00;70,00;19,00;47,50;15,00;8,00
77;77;77;17,00;56,67;7,00;70,00;24,00;60,00;10,00;3,00
78;78;78;12,00;40,00;7,00;70,00;19,00;47,50;15,00;5,00
79;79;79;14,00;46,67;3,00;30,00;17,00;42,50;17,00;7,00
80;80;80;14,00;46,67;7,00;70,00;21,00;52,50;13,00;1,00
81;81;81;11,00;36,67;5,00;50,00;16,00;40,00;18,00;8,00
82;82;82;10,00;33,33;4,00;40,00;14,00;35,00;20,00;12,00
83;83;83;12,00;40,00;7,00;70,00;19,00;47,50;15,00;5,00
84;84;84;8,00;26,67;4,00;40,00;12,00;30,00;22,00;13,00
85;85;85;13,00;43,33;4,00;40,00;17,00;42,50;17,00;10,00
86;86;86;14,00;46,67;8,00;80,00;22,00;55,00;12,00;2,00
87;87;87;14,00;26,67;7,00;70,00;15,00;37,50;19,00;11,00
88;88;88;18,00;60,00;7,00;70,00;25,00;62,50;9,00;2,00
89;89;89;14,00;46,67;5,00;50,00;19,00;47,50;15,00;6,00
90;90;90;9,00;30,00;6,00;60,00;15,00;37,50;19,00;12,00
91;91;91;15,00;50,00;7,00;70,00;22,00;55,00;12,00;3,00
92;92;92;9,00;30,00;7,00;70,00;16,00;40,00;18,00;11,00
93;93;93;14,00;46,67;7,00;70,00;21,00;52,50;13,00;5,00
94;94;94;8,00;26,67;6,00;60,00;14,00;35,00;20,00;11,00
95;95;95;11,00;36,67;6,00;60,00;17,00;42,50;17,00;7,00
96;96;96;9,00;30,00;6,00;60,00;15,00;37,50;19,00;10,00
97;97;97;16,00;53,33;5,00;50,00;21,00;52,50;13,00;2,00
98;98;98;10,00;33,33;4,00;40,00;14,00;35,00;20,00;8,00
99;99;99;9,00;30,00;4,00;40,00;13,00;32,50;21,00;8,00
100;100;100;18,00;60,00;5,00;50,00;23,00;57,50;11,00;4,00
101;101;101;16,00;53,33;5,00;50,00;21,00;52,50;13,00;5,00
102;102;102;11,00;36,67;7,00;70,00;18,00;45,00;16,00;6,00
103;103;103;13,00;43,33;6,00;60,00;19,00;47,50;15,00;1,00
104;104;104;13,00;43,33;8,00;80,00;21,00;52,50;13,00;3,00
105;105;105;13,00;43,33;5,00;50,00;18,00;45,00;16,00;6,00
106;106;106;8,00;26,67;7,00;70,00;15,00;37,50;19,00;7,00
107;107;107;10,00;33,33;2,00;20,00;12,00;30,00;22,00;15,00
108;108;108;8,00;26,67;3,00;30,00;11,00;27,50;23,00;11,00
109;109;109;12,00;40,00;6,00;60,00;18,00;45,00;16,00;6,00
110;110;110;13,00;43,33;7,00;70,00;20,00;50,00;14,00;4,00
111;111;111;10,00;33,33;8,00;80,00;18,00;45,00;16,00;5,00
112;112;112;13,00;43,33;3,00;30,00;16,00;40,00;18,00;9,00
113;113;113;11,00;36,67;6,00;60,00;17,00;42,50;17,00;10,00
114;114;114;11,00;36,67;7,00;70,00;18,00;45,00;16,00;2,00
115;115;115;8,00;26,67;5,00;50,00;13,00;32,50;21,00;6,00
116;116;116;11,00;36,67;6,00;60,00;17,00;42,50;17,00;7,00
117;117;117;6,00;20,00;4,00;40,00;10,00;25,00;24,00;15,00
118;118;118;10,00;33,33;3,00;30,00;13,00;32,50;21,00;12,00
119;119;119;17,00;56,67;6,00;60,00;23,00;57,50;11,00;4,00
120;120;120;12,00;40,00;5,00;50,00;17,00;42,50;17,00;3,00
121;121;121;15,00;50,00;6,00;60,00;21,00;52,50;13,00;3,00
122;122;122;13,00;43,33;2,00;20,00;15,00;37,50;19,00;9,00
123;123;123;7,00;23,33;7,00;70,00;14,00;35,00;20,00;10,00
124;124;124;10,00;33,33;6,00;60,00;16,00;40,00;18,00;8,00
125;125;125;12,00;40,00;4,00;40,00;16,00;40,00;18,00;3,00
126;126;126;5,00;16,67;4,00;40,00;9,00;22,50;1,00;1,00
127;127;127;9,00;30,00;2,00;20,00;11,00;27,50;23,00;11,00
128;128;128;9,00;30,00;4,00;40,00;13,00;32,50;21,00;12,00
129;129;129;6,00;20,00;1,00;10,00;7,00;17,50;3,00;3,00
130;130;130;10,00;33,33;6,00;60,00;16,00;40,00;18,00;3,00
131;131;131;9,00;30,00;4,00;40,00;13,00;32,50;21,00;12,00
132;132;132;14,00;46,67;6,00;60,00;20,00;50,00;14,00;3,00
133;133;133;9,00;30,00;8,00;80,00;17,00;42,50;17,00;5,00
134;134;134;8,00;26,67;6,00;60,00;14,00;35,00;20,00;9,00
135;135;135;12,00;40,00;6,00;60,00;18,00;45,00;16,00;4,00
136;136;136;5,00;16,67;4,00;40,00;9,00;22,50;1,00;1,00
137;137;137;14,00;46,67;5,00;50,00;19,00;47,50;15,00;4,00
138;138;138;9,00;30,00;5,00;50,00;14,00;35,00;20,00;13,00
139;139;139;15,00;50,00;6,00;60,00;21,00;52,50;13,00;4,00
140;140;140;17,00;56,67;7,00;70,00;24,00;60,00;10,00;2,00
141;141;141;8,00;26,67;2,00;20,00;10,00;25,00;24,00;15,00
142;142;142;9,00;30,00;7,00;70,00;16,00;40,00;18,00;9,00
143;143;143;12,00;40,00;7,00;70,00;19,00;47,50;15,00;5,00
144;144;144;9,00;30,00;6,00;60,00;15,00;37,50;19,00;4,00
145;145;145;10,00;33,33;4,00;40,00;14,00;35,00;20,00;9,00
146;146;146;8,00;26,67;4,00;40,00;12,00;30,00;22,00;10,00
147;147;147;7,00;23,33;8,00;80,00;15,00;37,50;19,00;10,00
148;148;148;12,00;40,00;6,00;60,00;18,00;45,00;16,00;6,00
149;149;149;13,00;43,33;3,00;30,00;16,00;40,00;18,00;6,00
150;150;150;9,00;30,00;5,00;50,00;14,00;35,00;20,00;11,00
151;151;151;7,00;23,33;7,00;70,00;14,00;35,00;20,00;5,00
152;152;152;18,00;60,00;7,00;70,00;25,00;62,50;9,00;2,00
153;153;153;13,00;43,33;6,00;60,00;19,00;47,50;15,00;7,00
154;154;154;8,00;26,67;2,00;20,00;10,00;25,00;24,00;12,00
155;155;155;5,00;16,67;8,00;80,00;13,00;32,50;21,00;10,00
156;156;156;12,00;40,00;5,00;50,00;17,00;42,50;17,00;7,00
157;157;157;10,00;33,33;5,00;50,00;15,00;37,50;19,00;12,00
158;158;158;7,00;23,33;3,00;30,00;10,00;25,00;24,00;7,00
159;159;159;13,00;43,33;3,00;30,00;16,00;40,00;18,00;9,00
160;160;160;12,00;40,00;8,00;80,00;20,00;50,00;14,00;5,00
161;161;161;12,00;40,00;6,00;60,00;18,00;45,00;16,00;7,00
162;162;162;8,00;26,67;6,00;60,00;14,00;35,00;20,00;12,00
163;163;163;8,00;26,67;8,00;80,00;16,00;40,00;18,00;3,00
164;164;164;8,00;26,67;4,00;40,00;12,00;30,00;22,00;6,00
165;165;165;16,00;53,33;8,00;80,00;24,00;60,00;10,00;2,00
166;166;166;9,00;30,00;3,00;30,00;12,00;30,00;22,00;6,00
167;167;167;13,00;43,33;6,00;60,00;19,00;47,50;15,00;4,00
168;168;168;10,00;33,33;7,00;70,00;17,00;42,50;17,00;8,00
169;169;169;14,00;46,67;8,00;80,00;22,00;55,00;12,00;4,00
170;170;170;12,00;40,00;5,00;50,00;17,00;42,50;17,00;8,00
171;171;171;13,00;43,33;5,00;50,00;18,00;45,00;16,00;7,00
172;172;172;13,00;43,33;7,00;70,00;20,00;50,00;14,00;4,00
173;173;173;13,00;43,33;3,00;30,00;16,00;40,00;18,00;8,00
174;174;174;10,00;33,33;4,00;40,00;14,00;35,00;20,00;11,00
175;175;175;11,00;36,67;2,00;20,00;13,00;32,50;21,00;12,00
176;176;176;12,00;40,00;7,00;70,00;19,00;47,50;15,00;4,00
177;177;177;20,00;40,00;4,00;40,00;16,00;40,00;18,00;11,00
178;178;178;18,00;60,00;9,00;90,00;27,00;67,50;7,00;3,00
179;179;179;15,00;50,00;5,00;50,00;20,00;50,00;14,00;7,00
180;180;180;9,00;30,00;7,00;70,00;16,00;40,00;18,00;8,00
181;181;181;10,00;33,33;3,00;30,00;13,00;32,50;21,00;9,00
182;182;182;10,00;33,33;4,00;40,00;14,00;35,00;20,00;9,00
183;183;183;11,00;36,67;3,00;30,00;14,00;35,00;20,00;10,00
184;184;184;15,00;50,00;7,00;70,00;22,00;55,00;12,00;1,00
185;185;185;14,00;46,67;7,00;70,00;21,00;52,50;13,00;4,00
186;186;186;12,00;40,00;4,00;40,00;16,00;40,00;18,00;10,00
187;187;187;14,00;46,67;7,00;70,00;21,00;52,50;13,00;3,00
188;188;188;10,00;33,33;5,00;50,00;15,00;37,50;19,00;7,00
189;189;189;11,00;36,67;5,00;50,00;16,00;40,00;18,00;8,00
190;190;190;12,00;40,00;8,00;80,00;20,00;50,00;14,00;7,00
191;191;191;7,00;23,33;5,00;50,00;12,00;30,00;22,00;6,00
192;192;192;14,00;46,67;8,00;80,00;22,00;55,00;12,00;2,00
193;193;193;9,00;30,00;4,00;40,00;13,00;32,50;21,00;9,00
194;194;194;11,00;36,67;6,00;60,00;17,00;42,50;17,00;7,00
195;195;195;9,00;30,00;5,00;50,00;14,00;35,00;20,00;5,00
196;196;196;11,00;36,67;10,00;100,00;21,00;52,50;13,00;4,00
197;197;197;15,00;50,00;9,00;90,00;24,00;60,00;10,00;1,00
198;198;198;11,00;36,67;6,00;60,00;17,00;42,50;17,00;7,00
199;199;199;11,00;36,67;2,00;20,00;13,00;32,50;21,00;5,00
200;200;200;10,00;33,33;7,00;70,00;17,00;42,50;17,00;7,00
201;201;201;15,00;50,00;7,00;70,00;22,00;55,00;12,00;5,00
202;202;202;14,00;46,67;6,00;60,00;20,00;50,00;14,00;5,00
203;203;203;14,00;46,67;8,00;80,00;22,00;55,00;12,00;5,00
204;204;204;8,00;26,67;5,00;50,00;13,00;32,50;21,00;6,00
205;205;205;12,00;40,00;8,00;80,00;20,00;50,00;14,00;6,00
206;206;206;15,00;50,00;7,00;70,00;22,00;55,00;12,00;1,00
207;207;207;8,00;26,67;2,00;20,00;10,00;25,00;24,00;7,00
208;208;208;9,00;30,00;4,00;40,00;13,00;32,50;21,00;12,00
209;209;209;13,00;43,33;7,00;70,00;20,00;50,00;14,00;4,00
210;210;210;12,00;40,00;2,00;20,00;14,00;35,00;20,00;8,00
211;211;211;12,00;40,00;4,00;40,00;16,00;40,00;18,00;8,00
212;212;212;7,00;23,33;6,00;60,00;13,00;32,50;21,00;13,00
213;213;213;13,00;43,33;7,00;70,00;20,00;50,00;14,00;1,00
214;214;214;14,00;46,67;6,00;60,00;20,00;50,00;14,00;3,00
215;215;215;12,00;40,00;5,00;50,00;17,00;42,50;17,00;5,00
216;216;216;10,00;33,33;7,00;70,00;17,00;42,50;17,00;8,00
217;217;217;11,00;36,67;5,00;50,00;16,00;40,00;18,00;8,00
218;218;218;10,00;33,33;3,00;30,00;13,00;32,50;21,00;12,00
219;219;219;12,00;40,00;4,00;40,00;16,00;40,00;18,00;6,00
220;220;220;13,00;43,33;4,00;40,00;17,00;42,50;17,00;8,00
221;221;221;12,00;40,00;7,00;70,00;19,00;47,50;15,00;5,00
222;222;222;11,00;36,67;4,00;40,00;15,00;37,50;19,00;9,00
223;223;223;17,00;56,67;8,00;80,00;25,00;62,50;9,00;1,00
224;224;224;17,00;56,67;7,00;70,00;24,00;60,00;10,00;1,00
225;225;225;6,00;23,33;4,00;40,00;11,00;27,50;23,00;11,00
226;226;226;9,00;30,00;7,00;70,00;16,00;40,00;18,00;6,00
227;227;227;5,00;16,67;3,00;30,00;8,00;20,00;2,00;1,00
228;228;228;10,00;33,33;5,00;50,00;15,00;37,50;19,00;10,00
229;229;229;11,00;36,67;5,00;50,00;16,00;40,00;18,00;8,00
230;230;230;9,00;30,00;4,00;40,00;13,00;32,50;21,00;12,00
231;231;231;12,00;40,00;5,00;50,00;17,00;42,50;17,00;5,00
232;232;232;18,00;30,00;8,00;80,00;17,00;42,50;17,00;7,00
233;233;233;23,00;76,67;7,00;70,00;30,00;75,00;5,00;1,00
234;234;234;12,00;40,00;6,00;60,00;18,00;45,00;16,00;2,00
235;235;235;13,00;43,33;6,00;60,00;19,00;47,50;15,00;6,00
236;236;236;10,00;33,33;4,00;40,00;14,00;35,00;20,00;8,00
237;237;237;11,00;36,67;3,00;30,00;14,00;35,00;20,00;5,00
238;238;238;10,00;33,33;3,00;30,00;13,00;32,50;21,00;10,00
239;239;239;12,00;40,00;5,00;50,00;17,00;42,50;17,00;8,00
240;240;240;11,00;36,67;3,00;30,00;14,00;35,00;20,00;13,00
241;241;241;6,00;20,00;5,00;50,00;11,00;27,50;23,00;14,00
242;242;242;10,00;33,33;4,00;40,00;14,00;35,00;20,00;5,00
243;243;243;11,00;36,67;7,00;70,00;18,00;45,00;16,00;6,00
244;244;244;14,00;46,67;9,00;90,00;23,00;57,50;11,00;3,00
245;245;245;9,00;30,00;4,00;40,00;13,00;32,50;21,00;10,00
246;246;246;11,00;36,67;8,00;80,00;19,00;47,50;15,00;5,00
247;247;247;17,00;56,67;8,00;80,00;25,00;62,50;9,00;2,00
248;248;248;10,00;33,33;9,00;90,00;19,00;47,50;15,00;6,00
249;249;249;13,00;43,33;5,00;50,00;18,00;45,00;16,00;7,00
250;250;250;5,00;16,67;9,00;90,00;14,00;35,00;20,00;8,00
251;251;251;16,00;53,33;5,00;50,00;21,00;52,50;13,00;3,00
252;252;252;9,00;30,00;5,00;50,00;14,00;35,00;20,00;11,00
253;253;253;15,00;50,00;6,00;60,00;21,00;52,50;13,00;3,00
254;254;254;16,00;53,33;6,00;60,00;22,00;55,00;12,00;5,00
255;255;255;15,00;50,00;8,00;80,00;23,00;57,50;11,00;2,00
256;256;256;7,00;23,33;7,00;70,00;14,00;35,00;20,00;9,00
257;257;257;12,00;40,00;8,00;80,00;20,00;50,00;14,00;5,00
258;258;258;16,00;53,33;5,00;50,00;21,00;52,50;13,00;2,00
259;259;259;13,00;43,33;3,00;30,00;16,00;40,00;18,00;3,00
260;260;260;10,00;33,33;2,00;20,00;12,00;30,00;22,00;11,00
261;261;261;13,00;43,33;5,00;50,00;18,00;45,00;16,00;2,00
262;262;262;6,00;20,00;6,00;60,00;12,00;30,00;22,00;6,00
263;263;263;14,00;46,67;6,00;60,00;20,00;50,00;14,00;7,00
264;264;264;16,00;53,33;5,00;50,00;21,00;52,50;13,00;3,00
265;265;265;20,00;43,33;4,00;40,00;17,00;42,50;17,00;7,00
266;266;266;15,00;50,00;7,00;70,00;22,00;55,00;12,00;5,00
267;267;267;10,00;33,33;7,00;70,00;17,00;42,50;17,00;5,00
268;268;268;14,00;46,67;6,00;60,00;20,00;50,00;14,00;7,00
269;269;269;13,00;43,33;9,00;90,00;22,00;55,00;12,00;2,00
270;270;270;17,00;56,67;6,00;60,00;23,00;57,50;11,00;4,00
271;271;271;13,00;43,33;4,00;40,00;17,00;42,50;17,00;8,00
272;272;272;6,00;20,00;5,00;50,00;11,00;27,50;23,00;11,00
273;273;273;14,00;46,67;3,00;30,00;17,00;42,50;17,00;8,00
274;274;274;16,00;53,33;10,00;100,00;26,00;65,00;8,00;1,00
275;275;275;10,00;33,33;3,00;30,00;13,00;32,50;21,00;12,00
276;276;276;15,00;50,00;6,00;60,00;21,00;52,50;13,00;4,00
277;277;277;11,00;36,67;5,00;50,00;16,00;40,00;18,00;7,00
278;278;278;22,00;73,33;8,00;80,00;30,00;75,00;5,00;1,00
279;279;279;7,00;23,33;5,00;50,00;12,00;30,00;22,00;11,00
280;280;280;10,00;33,33;4,00;40,00;14,00;35,00;20,00;9,00
281;281;281;6,00;20,00;5,00;50,00;11,00;27,50;23,00;14,00
282;282;282;13,00;43,33;6,00;60,00;19,00;47,50;15,00;1,00
283;283;283;11,00;36,67;5,00;50,00;16,00;40,00;18,00;8,00
284;284;284;10,00;33,33;6,00;60,00;16,00;40,00;18,00;6,00
285;285;285;9,00;30,00;7,00;70,00;16,00;40,00;18,00;6,00
286;286;286;8,00;26,67;6,00;60,00;14,00;35,00;20,00;9,00
287;287;287;6,00;20,00;6,00;60,00;12,00;30,00;22,00;15,00
288;288;288;17,00;56,67;7,00;70,00;24,00;60,00;10,00;1,00
289;289;289;14,00;46,67;5,00;50,00;19,00;47,50;15,00;6,00
290;290;290;9,00;30,00;4,00;40,00;13,00;32,50;21,00;10,00
291;291;291;12,00;40,00;8,00;80,00;20,00;50,00;14,00;1,00
292;292;292;8,00;26,67;5,00;50,00;13,00;32,50;21,00;9,00
293;293;293;10,00;33,33;6,00;60,00;16,00;40,00;18,00;3,00
294;294;294;13,00;43,33;6,00;60,00;19,00;47,50;15,00;5,00
295;295;295;15,00;50,00;6,00;60,00;21,00;52,50;13,00;6,00
296;296;296;8,00;26,67;7,00;70,00;15,00;37,50;19,00;10,00
297;297;297;9,00;30,00;3,00;30,00;12,00;30,00;22,00;13,00
298;298;298;15,00;50,00;6,00;60,00;21,00;52,50;13,00;2,00
299;299;299;20,00;66,67;4,00;40,00;24,00;60,00;10,00;2,00
300;300;300;9,00;30,00;7,00;70,00;16,00;40,00;18,00;9,00
301;301;301;8,00;26,67;6,00;60,00;14,00;35,00;20,00;11,00
302;302;302;8,00;26,67;0,00;0,00;8,00;20,00;2,00;2,00
303;303;303;11,00;36,67;5,00;50,00;16,00;40,00;18,00;6,00
304;304;304;13,00;43,33;6,00;60,00;19,00;47,50;15,00;4,00
305;305;305;11,00;36,67;6,00;60,00;17,00;42,50;17,00;6,00
306;306;306;13,00;43,33;7,00;70,00;20,00;50,00;14,00;4,00
307;307;307;11,00;36,67;4,00;40,00;15,00;37,50;19,00;10,00
308;308;308;13,00;43,33;6,00;60,00;19,00;47,50;15,00;4,00
309;309;309;9,00;30,00;7,00;70,00;16,00;40,00;18,00;11,00
310;310;310;15,00;50,00;7,00;70,00;22,00;55,00;12,00;1,00
311;311;311;6,00;20,00;6,00;60,00;12,00;30,00;22,00;9,00
312;312;312;15,00;50,00;2,00;20,00;17,00;42,50;17,00;6,00
313;313;313;13,00;43,33;5,00;50,00;18,00;45,00;16,00;6,00
314;314;314;14,00;46,67;8,00;80,00;22,00;55,00;12,00;3,00
315;315;315;9,00;30,00;5,00;50,00;14,00;35,00;20,00;9,00
316;316;316;10,00;33,33;7,00;70,00;17,00;42,50;17,00;8,00
317;317;317;11,00;36,67;6,00;60,00;17,00;42,50;17,00;5,00
318;318;318;11,00;36,67;6,00;60,00;17,00;42,50;17,00;9,00
319;319;319;10,00;33,33;6,00;60,00;16,00;40,00;18,00;9,00
320;320;320;10,00;33,33;4,00;40,00;14,00;35,00;20,00;5,00
321;321;321;20,00;66,67;9,00;90,00;29,00;72,50;6,00;2,00
322;322;322;12,00;40,00;7,00;70,00;19,00;47,50;15,00;6,00
323;323;323;12,00;40,00;6,00;60,00;18,00;45,00;16,00;5,00
324;324;324;11,00;36,67;6,00;60,00;17,00;42,50;17,00;7,00
325;325;325;11,00;36,67;3,00;30,00;14,00;35,00;20,00;11,00
326;326;326;13,00;43,33;9,00;90,00;22,00;55,00;12,00;4,00
327;327;327;11,00;36,67;6,00;60,00;17,00;42,50;17,00;9,00
328;328;328;11,00;36,67;7,00;70,00;18,00;45,00;16,00;8,00
329;329;329;12,00;40,00;5,00;50,00;17,00;42,50;17,00;7,00
330;330;330;14,00;46,67;3,00;30,00;17,00;42,50;17,00;10,00
331;331;331;13,00;43,33;5,00;50,00;18,00;45,00;16,00;6,00
332;332;332;6,00;20,00;2,00;20,00;8,00;20,00;2,00;2,00
333;333;333;10,00;33,33;5,00;50,00;15,00;37,50;19,00;11,00
334;334;334;16,00;53,33;3,00;30,00;19,00;47,50;15,00;5,00
335;335;335;10,00;33,33;4,00;40,00;14,00;35,00;20,00;13,00
336;336;336;8,00;26,67;6,00;60,00;14,00;35,00;20,00;5,00
337;337;337;11,00;36,67;6,00;60,00;17,00;42,50;17,00;1,00
338;338;338;8,00;26,67;6,00;60,00;14,00;35,00;20,00;2,00
339;339;339;17,00;56,67;7,00;70,00;24,00;60,00;13,00;7,00
340;340;340;8,00;26,67;9,00;90,00;17,00;42,50;20,00;8,00
341;341;341;6,00;20,00;6,00;60,00;12,00;30,00;25,00;18,00
342;342;342;10,00;33,33;4,00;40,00;14,00;35,00;23,00;11,00
343;343;343;9,00;30,00;7,00;70,00;16,00;40,00;21,00;6,00
344;344;344;10,00;33,33;9,00;90,00;19,00;47,50;18,00;6,00
345;345;345;10,00;33,33;9,00;90,00;19,00;47,50;18,00;3,00
346;346;346;17,00;56,67;9,00;90,00;26,00;65,00;11,00;5,00
347;347;347;8,00;26,67;5,00;50,00;13,00;32,50;24,00;12,00
348;348;348;12,00;40,00;9,00;90,00;21,00;52,50;16,00;2,00
349;349;349;8,00;26,67;4,00;40,00;12,00;30,00;25,00;12,00
350;350;350;13,00;43,33;10,00;100,00;23,00;57,50;14,00;5,00
351;351;351;15,00;50,00;7,00;70,00;22,00;55,00;15,00;7,00
352;352;352;5,00;16,67;6,00;60,00;11,00;27,50;26,00;14,00
353;353;353;12,00;40,00;9,00;90,00;21,00;52,50;16,00;7,00
354;354;354;17,00;56,67;8,00;80,00;25,00;62,50;12,00;3,00
355;355;355;21,00;70,00;8,00;80,00;29,00;72,50;8,00;3,00
356;356;356;12,00;40,00;7,00;70,00;19,00;47,50;18,00;6,00
357;357;357;24,00;80,00;10,00;100,00;34,00;85,00;4,00;1,00
358;358;358;8,00;26,67;8,00;80,00;16,00;40,00;21,00;6,00
359;359;359;17,00;56,67;8,00;80,00;25,00;62,50;12,00;3,00
360;360;360;15,00;50,00;5,00;50,00;20,00;50,00;17,00;9,00
361;361;361;13,00;43,33;4,00;40,00;17,00;42,50;20,00;4,00
362;362;362;6,00;20,00;9,00;90,00;15,00;37,50;22,00;9,00
363;363;363;13,00;43,33;10,00;100,00;23,00;57,50;14,00;8,00
364;364;364;8,00;26,67;8,00;80,00;16,00;40,00;21,00;9,00
365;365;365;14,00;46,67;5,00;50,00;19,00;47,50;18,00;5,00
366;366;366;15,00;50,00;5,00;50,00;20,00;50,00;17,00;5,00
367;367;367;15,00;50,00;8,00;80,00;23,00;57,50;14,00;5,00
368;368;368;13,00;43,33;9,00;90,00;22,00;55,00;15,00;2,00
369;369;369;6,00;20,00;9,00;90,00;15,00;37,50;22,00;10,00
370;370;370;15,00;50,00;8,00;80,00;23,00;57,50;14,00;5,00
371;371;371;12,00;40,00;5,00;50,00;17,00;42,50;20,00;8,00
372;372;372;16,00;53,33;8,00;80,00;24,00;60,00;13,00;6,00
373;373;373;7,00;23,33;7,00;70,00;14,00;35,00;23,00;9,00
374;374;374;17,00;56,67;8,00;80,00;25,00;62,50;12,00;6,00
375;375;375;15,00;50,00;7,00;70,00;22,00;55,00;15,00;3,00
376;376;376;15,00;50,00;7,00;70,00;22,00;55,00;15,00;4,00
377;377;377;6,00;20,00;3,00;30,00;9,00;22,50;1,00;1,00
378;378;378;8,00;26,67;6,00;60,00;14,00;35,00;23,00;16,00
379;379;379;16,00;53,33;9,00;90,00;25,00;62,50;12,00;3,00
380;380;380;15,00;50,00;9,00;90,00;24,00;60,00;13,00;5,00
381;381;381;8,00;26,67;9,00;90,00;17,00;42,50;20,00;8,00
382;382;382;12,00;40,00;5,00;50,00;17,00;42,50;20,00;8,00
383;383;383;14,00;46,67;6,00;60,00;20,00;50,00;17,00;6,00
384;384;384;18,00;60,00;8,00;80,00;26,00;65,00;11,00;5,00
385;385;385;9,00;30,00;6,00;60,00;15,00;37,50;22,00;15,00
386;386;386;12,00;40,00;5,00;50,00;17,00;42,50;20,00;12,00
387;387;387;9,00;30,00;8,00;80,00;17,00;42,50;20,00;6,00
388;388;388;17,00;56,67;9,00;90,00;26,00;65,00;11,00;4,00
389;389;389;9,00;30,00;6,00;60,00;15,00;37,50;22,00;10,00
390;390;390;17,00;56,67;9,00;90,00;26,00;65,00;11,00;2,00
391;391;391;14,00;46,67;7,00;70,00;21,00;52,50;16,00;5,00
392;392;392;18,00;60,00;10,00;100,00;28,00;70,00;9,00;3,00
393;393;393;10,00;33,33;8,00;80,00;18,00;45,00;19,00;6,00
394;394;394;14,00;46,67;7,00;70,00;21,00;52,50;16,00;9,00
395;395;395;12,00;40,00;4,00;40,00;16,00;40,00;21,00;6,00
396;396;396;11,00;36,67;5,00;50,00;16,00;40,00;21,00;9,00
397;397;397;17,00;56,67;8,00;80,00;25,00;62,50;12,00;5,00
398;398;398;9,00;30,00;5,00;50,00;14,00;35,00;23,00;12,00
399;399;399;15,00;50,00;7,00;70,00;22,00;55,00;15,00;9,00
400;400;400;19,00;63,33;7,00;70,00;26,00;65,00;11,00;5,00
401;401;401;19,00;63,33;10,00;100,00;29,00;72,50;8,00;1,00
402;402;402;10,00;33,33;7,00;70,00;17,00;42,50;20,00;9,00
403;403;403;8,00;26,67;6,00;60,00;14,00;35,00;23,00;10,00
404;404;404;16,00;53,33;8,00;80,00;24,00;60,00;13,00;4,00
405;405;405;13,00;43,33;5,00;50,00;18,00;45,00;19,00;11,00
406;406;406;4,00;13,33;3,00;30,00;7,00;17,50;3,00;1,00
407;407;407;3,00;10,00;7,00;70,00;10,00;25,00;27,00;15,00
408;408;408;11,00;36,67;8,00;80,00;19,00;47,50;18,00;10,00
409;409;409;10,00;33,33;5,00;50,00;15,00;37,50;22,00;7,00
410;410;410;11,00;36,67;9,00;90,00;20,00;50,00;17,00;9,00
411;411;411;9,00;30,00;7,00;70,00;16,00;40,00;21,00;9,00
412;412;412;11,00;36,67;4,00;40,00;15,00;37,50;22,00;10,00
413;413;413;8,00;26,67;6,00;60,00;14,00;35,00;23,00;10,00
414;414;414;15,00;50,00;10,00;100,00;25,00;62,50;12,00;5,00
415;415;415;8,00;26,67;7,00;70,00;15,00;37,50;22,00;15,00
416;416;416;10,00;33,33;4,00;40,00;14,00;35,00;23,00;8,00
417;417;417;12,00;40,00;9,00;90,00;21,00;52,50;16,00;5,00
418;418;418;7,00;23,33;3,00;30,00;10,00;25,00;27,00;14,00
419;419;419;20,00;66,67;8,00;80,00;28,00;70,00;9,00;2,00
420;420;420;13,00;43,33;10,00;100,00;23,00;57,50;14,00;7,00
421;421;421;8,00;26,67;7,00;70,00;15,00;37,50;22,00;6,00
422;422;422;11,00;36,67;8,00;80,00;19,00;47,50;18,00;2,00
423;423;423;14,00;46,67;8,00;80,00;22,00;55,00;15,00;4,00
424;424;424;13,00;43,33;10,00;100,00;23,00;57,50;14,00;1,00
425;425;425;9,00;30,00;9,00;90,00;18,00;45,00;19,00;12,00
426;426;426;8,00;26,67;6,00;60,00;14,00;35,00;23,00;7,00
427;427;427;6,00;20,00;7,00;70,00;13,00;32,50;24,00;10,00
428;428;428;11,00;36,67;9,00;90,00;20,00;50,00;17,00;10,00
429;429;429;20,00;66,67;9,00;90,00;29,00;72,50;8,00;3,00
430;430;430;16,00;53,33;7,00;70,00;23,00;57,50;14,00;7,00
431;431;431;4,00;13,33;3,00;30,00;7,00;17,50;3,00;3,00
432;432;432;9,00;30,00;8,00;80,00;17,00;42,50;20,00;6,00
433;433;433;13,00;43,33;6,00;60,00;19,00;47,50;18,00;5,00
434;434;434;12,00;40,00;8,00;80,00;20,00;50,00;17,00;9,00
435;435;435;7,00;23,33;10,00;100,00;17,00;42,50;20,00;10,00
436;436;436;15,00;50,00;10,00;100,00;25,00;62,50;12,00;6,00
437;437;437;11,00;36,67;8,00;80,00;19,00;47,50;18,00;11,00
438;438;438;8,00;26,67;7,00;70,00;15,00;37,50;22,00;13,00
439;439;439;16,00;53,33;6,00;60,00;22,00;55,00;15,00;6,00
440;440;440;18,00;60,00;9,00;90,00;27,00;67,50;10,00;1,00
441;441;441;6,00;20,00;3,00;30,00;9,00;22,50;1,00;1,00
442;442;442;8,00;26,67;5,00;50,00;13,00;32,50;24,00;12,00
443;443;443;5,00;16,67;6,00;60,00;11,00;27,50;26,00;13,00
444;444;444;22,00;73,33;10,00;100,00;32,00;80,00;5,00;1,00
445;445;445;9,00;30,00;6,00;60,00;15,00;37,50;22,00;10,00
446;446;446;18,00;60,00;9,00;90,00;27,00;67,50;10,00;3,00
447;447;447;17,00;56,67;7,00;70,00;24,00;60,00;13,00;4,00
448;448;448;21,00;70,00;10,00;100,00;31,00;77,50;6,00;1,00
449;449;449;7,00;23,33;7,00;70,00;14,00;35,00;23,00;10,00
450;450;450;11,00;36,67;5,00;50,00;16,00;40,00;21,00;9,00
451;451;451;9,00;30,00;6,00;60,00;15,00;37,50;22,00;8,00
452;452;452;11,00;36,67;8,00;80,00;19,00;47,50;18,00;10,00
453;453;453;14,00;46,67;6,00;60,00;20,00;50,00;17,00;6,00
454;454;454;10,00;33,33;8,00;80,00;18,00;45,00;19,00;3,00
455;455;455;14,00;46,67;8,00;80,00;22,00;55,00;15,00;7,00
456;456;456;15,00;50,00;7,00;70,00;22,00;55,00;15,00;8,00
457;457;457;7,00;23,33;7,00;70,00;14,00;35,00;23,00;11,00
458;458;458;18,00;60,00;10,00;100,00;28,00;70,00;9,00;3,00
459;459;459;18,00;60,00;9,00;90,00;27,00;67,50;10,00;3,00
460;460;460;5,00;16,67;3,00;30,00;8,00;20,00;2,00;2,00
461;461;461;6,00;20,00;4,00;40,00;10,00;25,00;27,00;14,00
462;462;462;18,00;60,00;10,00;100,00;28,00;70,00;9,00;2,00
463;463;463;6,00;20,00;3,00;30,00;9,00;22,50;1,00;1,00
464;464;464;8,00;26,67;2,00;20,00;10,00;25,00;27,00;14,00
465;465;465;15,00;50,00;6,00;60,00;21,00;52,50;16,00;4,00
466;466;466;6,00;20,00;7,00;70,00;13,00;32,50;24,00;12,00
467;467;467;12,00;40,00;8,00;80,00;20,00;50,00;17,00;10,00
468;468;468;18,00;60,00;8,00;80,00;26,00;65,00;11,00;5,00
469;469;469;4,00;13,33;4,00;40,00;8,00;20,00;2,00;2,00
470;470;470;7,00;23,33;7,00;70,00;14,00;35,00;23,00;7,00
471;471;471;16,00;53,33;5,00;50,00;21,00;52,50;16,00;7,00
472;472;472;17,00;56,67;8,00;80,00;25,00;62,50;12,00;5,00
473;473;473;6,00;20,00;7,00;70,00;13,00;32,50;24,00;9,00
474;474;474;7,00;23,33;3,00;30,00;10,00;25,00;27,00;15,00
475;475;475;9,00;30,00;2,00;20,00;11,00;27,50;26,00;19,00
476;476;476;8,00;26,67;9,00;90,00;17,00;42,50;20,00;8,00
477;477;477;8,00;26,67;6,00;60,00;14,00;35,00;23,00;11,00
478;478;478;14,00;46,67;8,00;80,00;22,00;55,00;15,00;2,00
479;479;479;7,00;23,33;7,00;70,00;14,00;35,00;23,00;10,00
480;480;480;7,00;23,33;3,00;30,00;10,00;25,00;27,00;20,00
481;481;481;9,00;30,00;7,00;70,00;16,00;40,00;21,00;5,00
482;482;482;14,00;46,67;5,00;50,00;19,00;47,50;18,00;10,00
483;483;483;16,00;53,33;9,00;90,00;25,00;62,50;12,00;3,00
484;484;484;12,00;40,00;5,00;50,00;17,00;42,50;20,00;9,00
485;485;485;20,00;66,67;8,00;80,00;28,00;70,00;9,00;2,00
486;486;486;20,00;66,67;8,00;80,00;28,00;70,00;9,00;4,00
487;487;487;19,00;63,33;10,00;100,00;29,00;72,50;8,00;2,00
488;488;488;1,00;3,33;6,00;60,00;7,00;17,50;3,00;2,00
489;489;489;10,00;33,33;8,00;80,00;18,00;45,00;19,00;3,00
490;490;490;11,00;36,67;9,00;90,00;20,00;50,00;17,00;5,00
491;491;491;8,00;26,67;5,00;50,00;13,00;32,50;24,00;12,00
492;492;492;8,00;26,67;5,00;50,00;13,00;32,50;24,00;11,00
493;493;493;8,00;26,67;6,00;60,00;14,00;35,00;23,00;14,00
494;494;494;9,00;30,00;6,00;60,00;15,00;37,50;22,00;8,00
495;495;495;12,00;40,00;9,00;90,00;21,00;52,50;16,00;6,00
496;496;496;13,00;43,33;10,00;100,00;23,00;57,50;14,00;5,00
497;497;497;16,00;53,33;7,00;70,00;23,00;57,50;14,00;7,00
498;498;498;12,00;40,00;8,00;80,00;20,00;50,00;17,00;4,00
499;499;499;9,00;30,00;6,00;60,00;15,00;37,50;22,00;13,00
500;500;500;12,00;40,00;3,00;30,00;15,00;37,50;22,00;10,00
501;501;501;12,00;40,00;4,00;40,00;16,00;40,00;21,00;14,00
502;502;502;9,00;30,00;9,00;90,00;18,00;45,00;19,00;4,00
503;503;503;14,00;46,67;9,00;90,00;23,00;57,50;14,00;7,00
504;504;504;10,00;33,33;6,00;60,00;16,00;40,00;21,00;9,00
505;505;505;21,00;70,00;9,00;90,00;30,00;75,00;7,00;2,00
506;506;506;6,00;20,00;7,00;70,00;13,00;32,50;24,00;17,00
507;507;507;7,00;23,33;7,00;70,00;14,00;35,00;23,00;11,00
508;508;508;11,00;36,67;3,00;30,00;14,00;35,00;23,00;7,00
509;509;509;7,00;23,33;7,00;70,00;14,00;35,00;23,00;16,00
510;510;510;10,00;33,33;8,00;80,00;18,00;45,00;19,00;7,00
511;511;511;8,00;26,67;3,00;30,00;11,00;27,50;26,00;12,00
512;512;512;7,00;23,33;5,00;50,00;12,00;30,00;25,00;12,00
513;513;513;15,00;50,00;9,00;90,00;24,00;60,00;13,00;6,00
514;514;514;14,00;46,67;8,00;80,00;22,00;55,00;15,00;6,00
515;515;515;21,00;70,00;10,00;100,00;31,00;77,50;6,00;2,00
516;516;516;12,00;40,00;9,00;90,00;21,00;52,50;16,00;3,00
517;517;517;11,00;36,67;7,00;70,00;18,00;45,00;19,00;13,00
518;518;518;14,00;46,67;6,00;60,00;20,00;50,00;17,00;5,00
519;519;519;9,00;30,00;6,00;60,00;15,00;37,50;22,00;6,00
520;520;520;8,00;26,67;6,00;60,00;14,00;35,00;23,00;10,00
521;521;521;8,00;26,67;6,00;60,00;14,00;35,00;23,00;10,00
522;522;522;9,00;30,00;6,00;60,00;15,00;37,50;22,00;10,00
523;523;523;15,00;50,00;9,00;90,00;24,00;60,00;13,00;4,00
524;524;524;13,00;43,33;6,00;60,00;19,00;47,50;18,00;7,00
525;525;525;9,00;30,00;8,00;80,00;17,00;42,50;20,00;4,00
526;526;526;10,00;33,33;8,00;80,00;18,00;45,00;19,00;6,00
527;527;527;15,00;50,00;8,00;80,00;23,00;57,50;14,00;7,00
528;528;528;5,00;16,67;7,00;70,00;12,00;30,00;25,00;13,00
529;529;529;13,00;43,33;8,00;80,00;21,00;52,50;16,00;7,00
530;530;530;4,00;13,33;4,00;40,00;8,00;20,00;2,00;2,00
531;531;531;14,00;46,67;5,00;50,00;19,00;47,50;18,00;2,00
532;532;532;4,00;13,33;5,00;50,00;9,00;22,50;1,00;1,00
533;533;533;12,00;40,00;7,00;70,00;19,00;47,50;18,00;11,00
534;534;534;13,00;43,33;8,00;80,00;21,00;52,50;16,00;3,00
535;535;535;11,00;36,67;7,00;70,00;18,00;45,00;19,00;7,00
536;536;536;18,00;60,00;8,00;80,00;26,00;65,00;11,00;5,00
537;537;537;11,00;36,67;9,00;90,00;20,00;50,00;17,00;5,00
538;538;538;9,00;30,00;4,00;40,00;13,00;32,50;24,00;12,00
539;539;539;16,00;53,33;6,00;60,00;22,00;55,00;15,00;8,00
540;540;540;11,00;36,67;7,00;70,00;18,00;45,00;19,00;7,00
541;541;541;9,00;30,00;5,00;50,00;14,00;35,00;23,00;10,00
542;542;542;8,00;26,67;8,00;80,00;16,00;40,00;21,00;14,00
543;543;543;9,00;30,00;8,00;80,00;17,00;42,50;20,00;8,00
544;544;544;9,00;30,00;4,00;40,00;13,00;32,50;24,00;14,00
545;545;545;15,00;50,00;4,00;40,00;19,00;47,50;18,00;7,00
546;546;546;10,00;33,33;8,00;80,00;18,00;45,00;19,00;7,00
547;547;547;14,00;46,67;10,00;100,00;24,00;60,00;13,00;7,00
548;548;548;10,00;33,33;6,00;60,00;16,00;40,00;21,00;8,00
549;549;549;10,00;33,33;7,00;70,00;17,00;42,50;20,00;7,00
550;550;550;11,00;36,67;6,00;60,00;17,00;42,50;20,00;8,00
551;551;551;10,00;33,33;7,00;70,00;17,00;42,50;20,00;7,00
552;552;552;13,00;43,33;4,00;40,00;17,00;42,50;20,00;5,00
553;553;553;18,00;60,00;10,00;100,00;28,00;70,00;9,00;2,00
554;554;554;9,00;30,00;8,00;80,00;17,00;42,50;20,00;10,00
555;555;555;14,00;46,67;7,00;70,00;21,00;52,50;16,00;5,00
556;556;556;10,00;33,33;8,00;80,00;18,00;45,00;19,00;8,00
557;557;557;11,00;36,67;6,00;60,00;17,00;42,50;20,00;8,00
558;558;558;10,00;33,33;7,00;70,00;17,00;42,50;20,00;8,00
559;559;559;19,00;63,33;10,00;100,00;29,00;72,50;8,00;2,00
560;560;560;11,00;36,67;9,00;90,00;20,00;50,00;17,00;5,00
561;561;561;7,00;23,33;7,00;70,00;14,00;35,00;23,00;10,00
562;562;562;11,00;36,67;6,00;60,00;17,00;42,50;20,00;8,00
563;563;563;18,00;60,00;8,00;80,00;26,00;65,00;11,00;4,00
564;564;564;16,00;53,33;7,00;70,00;23,00;57,50;14,00;3,00
565;565;565;12,00;40,00;5,00;50,00;17,00;42,50;20,00;8,00
566;566;566;12,00;40,00;9,00;90,00;21,00;52,50;16,00;5,00
567;567;567;7,00;23,33;7,00;70,00;14,00;35,00;23,00;9,00
568;568;568;12,00;40,00;7,00;70,00;19,00;47,50;18,00;6,00
569;569;569;9,00;30,00;6,00;60,00;15,00;37,50;22,00;10,00
570;570;570;18,00;60,00;8,00;80,00;26,00;65,00;11,00;4,00
571;571;571;9,00;30,00;7,00;70,00;16,00;40,00;21,00;9,00
572;572;572;14,00;46,67;9,00;90,00;23,00;57,50;14,00;8,00
573;573;573;13,00;43,33;7,00;70,00;20,00;50,00;17,00;9,00
574;574;574;6,00;20,00;4,00;40,00;10,00;25,00;27,00;13,00
575;575;575;12,00;40,00;6,00;60,00;18,00;45,00;19,00;7,00
576;576;576;10,00;33,33;7,00;70,00;17,00;42,50;20,00;8,00
577;577;577;12,00;40,00;6,00;60,00;18,00;45,00;19,00;3,00
578;578;578;13,00;43,33;9,00;90,00;22,00;55,00;15,00;8,00
579;579;579;9,00;30,00;6,00;60,00;15,00;37,50;22,00;15,00
580;580;580;14,00;46,67;5,00;50,00;19,00;47,50;18,00;10,00
581;581;581;11,00;36,67;8,00;80,00;19,00;47,50;18,00;11,00
582;582;582;9,00;30,00;3,00;30,00;12,00;30,00;25,00;18,00
583;583;583;11,00;36,67;7,00;70,00;18,00;45,00;19,00;11,00
584;584;584;8,00;26,67;4,00;40,00;12,00;30,00;25,00;13,00
585;585;585;16,00;53,33;6,00;60,00;22,00;55,00;15,00;6,00
586;586;586;12,00;40,00;6,00;60,00;18,00;45,00;19,00;8,00
587;587;587;11,00;36,67;8,00;80,00;19,00;47,50;18,00;5,00
588;588;588;7,00;23,33;5,00;50,00;12,00;30,00;25,00;18,00
589;589;589;19,00;63,33;10,00;100,00;29,00;72,50;8,00;1,00
590;590;590;15,00;50,00;7,00;70,00;22,00;55,00;15,00;6,00
591;591;591;12,00;40,00;5,00;50,00;17,00;42,50;20,00;6,00
592;592;592;11,00;36,67;6,00;60,00;17,00;42,50;20,00;8,00
593;593;593;15,00;50,00;7,00;70,00;22,00;55,00;15,00;8,00
594;594;594;10,00;33,33;6,00;60,00;16,00;40,00;21,00;9,00
595;595;595;11,00;36,67;7,00;70,00;18,00;45,00;19,00;11,00
596;596;596;14,00;46,67;10,00;100,00;24,00;60,00;13,00;6,00
597;597;597;10,00;33,33;7,00;70,00;17,00;42,50;20,00;8,00
598;598;598;10,00;33,33;6,00;60,00;16,00;40,00;21,00;10,00
599;599;599;11,00;36,67;9,00;90,00;20,00;50,00;17,00;4,00
600;600;600;19,00;63,33;4,00;40,00;23,00;57,50;14,00;7,00
601;601;601;14,00;46,67;9,00;90,00;23,00;57,50;14,00;1,00
602;602;602;16,00;53,33;10,00;100,00;26,00;65,00;11,00;2,00
603;603;603;8,00;26,67;9,00;90,00;17,00;42,50;20,00;7,00
604;604;604;12,00;40,00;10,00;100,00;22,00;55,00;15,00;8,00
605;605;605;16,00;53,33;7,00;70,00;23,00;57,50;14,00;8,00
606;606;606;21,00;70,00;7,00;70,00;28,00;70,00;9,00;3,00
607;607;607;11,00;36,67;9,00;90,00;20,00;50,00;17,00;2,00
608;608;608;12,00;40,00;7,00;70,00;19,00;47,50;18,00;10,00
609;609;609;23,00;76,67;8,00;80,00;31,00;77,50;6,00;2,00
610;610;610;15,00;50,00;9,00;90,00;24,00;60,00;13,00;4,00
611;611;611;20,00;66,67;9,00;90,00;29,00;72,50;8,00;3,00
612;612;612;11,00;36,67;8,00;80,00;19,00;47,50;18,00;7,00
613;613;613;12,00;40,00;7,00;70,00;19,00;47,50;18,00;9,00
614;614;614;8,00;26,67;2,00;20,00;10,00;25,00;27,00;11,00
615;615;615;17,00;56,67;9,00;90,00;26,00;65,00;11,00;1,00
616;616;616;10,00;33,33;4,00;40,00;14,00;35,00;23,00;11,00
617;617;617;17,00;56,67;10,00;100,00;27,00;67,50;10,00;4,00
618;618;618;9,00;30,00;8,00;80,00;17,00;42,50;20,00;9,00
619;619;619;14,00;46,67;6,00;60,00;20,00;50,00;17,00;4,00
620;620;620;14,00;46,67;9,00;90,00;23,00;57,50;14,00;5,00
621;621;621;13,00;43,33;9,00;90,00;22,00;55,00;15,00;6,00
622;622;622;6,00;20,00;5,00;50,00;11,00;27,50;26,00;14,00
623;623;623;17,00;56,67;7,00;70,00;24,00;60,00;13,00;6,00
624;624;624;9,00;30,00;7,00;70,00;16,00;40,00;21,00;8,00
625;625;625;6,00;20,00;7,00;70,00;13,00;32,50;24,00;12,00
626;626;626;13,00;43,33;7,00;70,00;20,00;50,00;17,00;6,00
627;627;627;12,00;40,00;7,00;70,00;19,00;47,50;18,00;6,00
628;628;628;13,00;43,33;9,00;90,00;22,00;55,00;15,00;4,00
629;629;629;10,00;33,33;4,00;40,00;14,00;35,00;23,00;11,00
630;630;630;11,00;36,67;6,00;60,00;17,00;42,50;20,00;5,00
631;631;631;11,00;36,67;6,00;60,00;17,00;42,50;20,00;8,00
632;632;632;8,00;26,67;9,00;90,00;17,00;42,50;20,00;10,00
633;633;633;5,00;16,67;5,00;50,00;10,00;25,00;27,00;14,00
634;634;634;13,00;43,33;7,00;70,00;20,00;50,00;17,00;5,00
635;635;635;13,00;43,33;7,00;70,00;20,00;50,00;17,00;8,00
636;636;636;11,00;36,67;7,00;70,00;18,00;45,00;19,00;12,00
637;637;637;13,00;43,33;6,00;60,00;19,00;47,50;18,00;7,00
638;638;638;13,00;43,33;9,00;90,00;22,00;55,00;15,00;2,00
639;639;639;11,00;36,67;7,00;70,00;18,00;45,00;19,00;12,00
640;640;640;15,00;50,00;9,00;90,00;24,00;60,00;13,00;2,00
641;641;641;15,00;50,00;9,00;90,00;24,00;60,00;13,00;3,00
642;642;642;9,00;30,00;9,00;90,00;18,00;45,00;19,00;12,00
643;643;643;16,00;53,33;7,00;70,00;23,00;57,50;14,00;4,00
644;644;644;12,00;40,00;7,00;70,00;19,00;47,50;18,00;3,00
645;645;645;8,00;26,67;3,00;30,00;11,00;27,50;26,00;14,00
646;646;646;18,00;60,00;10,00;100,00;28,00;70,00;9,00;4,00
647;647;647;15,00;50,00;6,00;60,00;21,00;52,50;16,00;1,00
648;648;648;14,00;46,67;10,00;100,00;24,00;60,00;13,00;6,00
649;649;649;10,00;33,33;5,00;50,00;15,00;37,50;22,00;10,00
650;650;650;10,00;33,33;9,00;90,00;19,00;47,50;18,00;6,00
651;651;651;12,00;40,00;8,00;80,00;20,00;50,00;17,00;11,00
652;652;652;6,00;20,00;8,00;80,00;14,00;35,00;23,00;11,00
653;653;653;17,00;56,67;9,00;90,00;26,00;65,00;11,00;1,00
654;654;654;12,00;40,00;10,00;100,00;22,00;55,00;15,00;8,00
655;655;655;6,00;20,00;8,00;80,00;14,00;35,00;23,00;16,00
656;656;656;11,00;36,67;9,00;90,00;20,00;50,00;17,00;8,00
657;657;657;13,00;43,33;5,00;50,00;18,00;45,00;19,00;6,00
658;658;658;21,00;70,00;10,00;100,00;31,00;77,50;6,00;1,00
659;659;659;9,00;30,00;6,00;60,00;15,00;37,50;22,00;9,00
660;660;660;11,00;36,67;8,00;80,00;19,00;47,50;18,00;11,00
661;661;661;6,00;20,00;5,00;50,00;11,00;27,50;26,00;14,00
662;662;662;13,00;43,33;3,00;30,00;16,00;40,00;21,00;14,00
663;663;663;12,00;40,00;5,00;50,00;17,00;42,50;20,00;8,00
664;664;664;8,00;26,67;4,00;40,00;12,00;30,00;25,00;13,00
665;665;665;10,00;33,33;6,00;60,00;16,00;40,00;21,00;7,00
666;666;666;9,00;30,00;5,00;50,00;14,00;35,00;23,00;11,00
667;667;667;12,00;40,00;8,00;80,00;20,00;50,00;17,00;5,00
668;668;668;7,00;23,33;7,00;70,00;14,00;35,00;23,00;16,00
669;669;669;10,00;33,33;8,00;80,00;18,00;45,00;19,00;12,00
670;670;670;16,00;53,33;9,00;90,00;25,00;62,50;12,00;1,00
671;671;671;16,00;53,33;7,00;70,00;23,00;57,50;14,00;8,00
672;672;672;9,00;30,00;6,00;60,00;15,00;37,50;22,00;10,00
673;673;673;5,00;16,67;8,00;80,00;13,00;32,50;24,00;10,00
674;674;674;11,00;36,67;5,00;50,00;16,00;40,00;21,00;11,00
675;675;675;7,00;23,33;10,00;100,00;17,00;42,50;20,00;7,00
676;676;676;20,00;66,67;9,00;90,00;29,00;72,50;8,00;2,00
677;677;677;13,00;43,33;9,00;90,00;22,00;55,00;15,00;9,00
678;678;678;20,00;66,67;7,00;70,00;27,00;67,50;10,00;3,00
679;679;679;18,00;60,00;9,00;90,00;27,00;67,50;10,00;4,00
680;680;680;22,00;73,33;9,00;90,00;31,00;77,50;6,00;1,00
681;681;681;17,00;56,67;8,00;80,00;25,00;62,50;12,00;2,00
682;682;682;9,00;30,00;6,00;60,00;15,00;37,50;22,00;6,00
683;683;683;18,00;60,00;10,00;100,00;28,00;70,00;9,00;2,00
684;684;684;11,00;36,67;8,00;80,00;19,00;47,50;18,00;7,00
685;685;685;6,00;20,00;7,00;70,00;13,00;32,50;24,00;11,00
686;686;686;21,00;70,00;8,00;80,00;29,00;72,50;8,00;2,00
687;687;687;10,00;33,33;5,00;50,00;15,00;37,50;22,00;13,00
688;688;688;15,00;50,00;8,00;80,00;23,00;57,50;14,00;7,00
689;689;689;19,00;63,33;9,00;90,00;28,00;70,00;9,00;3,00
690;690;690;11,00;36,67;5,00;50,00;16,00;40,00;21,00;5,00
691;691;691;17,00;56,67;8,00;80,00;25,00;62,50;12,00;6,00
692;692;692;11,00;36,67;5,00;50,00;16,00;40,00;21,00;8,00
693;693;693;14,00;46,67;10,00;100,00;24,00;60,00;13,00;5,00
694;694;694;17,00;56,67;9,00;90,00;26,00;65,00;11,00;5,00
695;695;695;11,00;36,67;9,00;90,00;20,00;50,00;17,00;6,00
696;696;696;11,00;36,67;9,00;90,00;20,00;50,00;17,00;11,00
697;697;697;14,00;46,67;9,00;90,00;23,00;57,50;14,00;7,00
698;698;698;9,00;30,00;6,00;60,00;15,00;37,50;22,00;10,00
699;699;699;10,00;33,33;6,00;60,00;16,00;40,00;21,00;5,00
700;700;700;14,00;46,67;6,00;60,00;20,00;50,00;17,00;4,00
701;701;701;14,00;46,67;9,00;90,00;23,00;57,50;14,00;1,00
702;702;702;13,00;43,33;9,00;90,00;22,00;55,00;15,00;9,00
703;703;703;19,00;63,33;9,00;90,00;28,00;70,00;9,00;4,00
704;704;704;14,00;46,67;7,00;70,00;21,00;52,50;16,00;7,00
705;705;705;16,00;53,33;10,00;100,00;26,00;65,00;11,00;5,00
706;706;706;16,00;53,33;8,00;80,00;24,00;60,00;13,00;6,00
707;707;707;12,00;40,00;8,00;80,00;20,00;50,00;17,00;6,00
708;708;708;5,00;16,67;6,00;60,00;11,00;27,50;26,00;14,00
709;709;709;20,00;66,67;7,00;70,00;27,00;67,50;10,00;3,00
710;710;710;13,00;43,33;7,00;70,00;20,00;50,00;17,00;5,00
711;711;711;10,00;33,33;9,00;90,00;19,00;47,50;18,00;7,00
712;712;712;9,00;30,00;4,00;40,00;13,00;32,50;24,00;11,00
713;713;713;6,00;20,00;3,00;30,00;9,00;22,50;1,00;1,00
714;714;714;16,00;53,33;5,00;50,00;21,00;52,50;16,00;1,00
715;715;715;18,00;60,00;7,00;70,00;25,00;62,50;12,00;6,00
716;716;716;19,00;63,33;10,00;100,00;29,00;72,50;8,00;3,00
717;717;717;13,00;43,33;7,00;70,00;20,00;50,00;17,00;8,00
718;718;718;11,00;36,67;6,00;60,00;17,00;42,50;20,00;4,00
719;719;719;15,00;50,00;9,00;90,00;24,00;60,00;13,00;6,00
720;720;720;11,00;36,67;8,00;80,00;19,00;47,50;18,00;7,00
721;721;721;14,00;46,67;6,00;60,00;20,00;50,00;17,00;2,00
722;722;722;15,00;50,00;8,00;80,00;23,00;57,50;14,00;8,00
723;723;723;13,00;43,33;7,00;70,00;20,00;50,00;17,00;6,00
724;724;724;6,00;20,00;6,00;60,00;12,00;30,00;25,00;11,00
725;725;725;11,00;36,67;6,00;60,00;17,00;42,50;20,00;12,00
726;726;726;13,00;43,33;5,00;50,00;18,00;45,00;19,00;11,00
727;727;727;12,00;40,00;9,00;90,00;21,00;52,50;16,00;4,00
728;728;728;18,00;60,00;6,00;60,00;24,00;60,00;13,00;7,00
729;729;729;8,00;26,67;5,00;50,00;13,00;32,50;24,00;11,00
730;730;730;8,00;26,67;8,00;80,00;16,00;40,00;21,00;14,00
731;731;731;4,00;13,33;7,00;70,00;11,00;27,50;26,00;14,00
732;732;732;7,00;23,33;6,00;60,00;13,00;32,50;24,00;12,00
733;733;733;9,00;30,00;5,00;50,00;14,00;35,00;23,00;10,00
734;734;734;7,00;23,33;2,00;20,00;9,00;22,50;1,00;1,00
735;735;735;9,00;30,00;7,00;70,00;16,00;40,00;21,00;9,00
736;736;736;13,00;43,33;8,00;80,00;21,00;52,50;16,00;10,00
737;737;737;15,00;50,00;9,00;90,00;24,00;60,00;13,00;6,00
738;738;738;13,00;43,33;10,00;100,00;23,00;57,50;14,00;1,00
739;739;739;7,00;23,33;9,00;90,00;16,00;40,00;21,00;9,00
740;740;740;6,00;20,00;5,00;50,00;11,00;27,50;26,00;13,00
741;741;741;13,00;43,33;8,00;80,00;21,00;52,50;16,00;5,00
742;742;742;10,00;33,33;9,00;90,00;19,00;47,50;18,00;7,00
743;743;743;12,00;40,00;7,00;70,00;19,00;47,50;18,00;9,00
744;744;744;8,00;26,67;5,00;50,00;13,00;32,50;24,00;12,00
745;745;745;14,00;46,67;6,00;60,00;20,00;50,00;17,00;5,00
746;746;746;10,00;33,33;6,00;60,00;16,00;40,00;21,00;8,00
747;747;747;11,00;36,67;4,00;40,00;15,00;37,50;22,00;6,00
748;748;748;11,00;36,67;7,00;70,00;18,00;45,00;19,00;3,00
749;749;749;12,00;40,00;7,00;70,00;19,00;47,50;18,00;10,00
750;750;750;14,00;46,67;8,00;80,00;22,00;55,00;15,00;3,00
751;751;751;10,00;33,33;8,00;80,00;18,00;45,00;19,00;3,00
752;752;752;9,00;30,00;8,00;80,00;17,00;42,50;20,00;13,00
753;753;753;16,00;53,33;7,00;70,00;23,00;57,50;14,00;7,00
754;754;754;8,00;26,67;9,00;90,00;17,00;42,50;20,00;7,00
755;755;755;7,00;23,33;5,00;50,00;12,00;30,00;25,00;8,00
756;756;756;11,00;36,67;3,00;30,00;14,00;35,00;23,00;7,00
757;757;757;12,00;40,00;7,00;70,00;19,00;47,50;18,00;12,00
758;758;758;13,00;43,33;8,00;80,00;21,00;52,50;16,00;4,00
759;759;759;6,00;20,00;6,00;60,00;12,00;30,00;25,00;13,00
760;760;760;11,00;36,67;2,00;20,00;13,00;32,50;24,00;8,00
761;761;761;7,00;23,33;6,00;60,00;13,00;32,50;24,00;11,00
762;762;762;15,00;50,00;10,00;100,00;25,00;62,50;12,00;3,00
763;763;763;11,00;36,67;4,00;40,00;15,00;37,50;22,00;6,00
764;764;764;16,00;53,33;3,00;30,00;19,00;47,50;18,00;9,00
765;765;765;13,00;43,33;7,00;70,00;20,00;50,00;17,00;6,00
766;766;766;12,00;40,00;7,00;70,00;19,00;47,50;18,00;3,00
767;767;767;22,00;73,33;10,00;100,00;32,00;80,00;5,00;1,00
768;768;768;17,00;56,67;7,00;70,00;24,00;60,00;13,00;4,00
769;769;769;13,00;43,33;6,00;60,00;19,00;47,50;18,00;2,00
770;770;770;13,00;43,33;8,00;80,00;21,00;52,50;16,00;7,00
771;771;771;8,00;26,67;7,00;70,00;15,00;37,50;22,00;9,00
772;772;772;12,00;40,00;3,00;30,00;15,00;37,50;22,00;10,00
773;773;773;18,00;60,00;9,00;90,00;27,00;67,50;10,00;3,00
774;774;774;14,00;46,67;6,00;60,00;20,00;50,00;17,00;8,00
775;775;775;12,00;40,00;5,00;50,00;17,00;42,50;20,00;10,00
776;776;776;15,00;50,00;7,00;70,00;22,00;55,00;15,00;8,00
777;777;777;10,00;33,33;5,00;50,00;15,00;37,50;22,00;9,00
778;778;778;10,00;33,33;5,00;50,00;15,00;37,50;22,00;11,00
779;779;779;5,00;16,67;4,00;40,00;9,00;22,50;1,00;1,00
780;780;780;15,00;50,00;9,00;90,00;24,00;60,00;13,00;5,00
781;781;781;12,00;40,00;10,00;100,00;22,00;55,00;15,00;6,00
782;782;782;10,00;33,33;10,00;100,00;20,00;50,00;17,00;9,00
783;783;783;4,00;13,33;4,00;40,00;8,00;20,00;2,00;2,00
784;784;784;10,00;33,33;7,00;70,00;17,00;42,50;20,00;8,00
785;785;785;14,00;46,67;8,00;80,00;22,00;55,00;15,00;2,00
786;786;786;8,00;26,67;6,00;60,00;14,00;35,00;23,00;11,00
787;787;787;10,00;33,33;8,00;80,00;18,00;45,00;9,00;5,00
788;788;788;11,00;36,67;7,00;70,00;18,00;45,00;9,00;4,00
789;789;789;6,00;20,00;8,00;80,00;14,00;35,00;13,00;9,00
790;790;790;8,00;26,67;7,00;70,00;15,00;37,50;12,00;6,00
791;791;791;10,00;33,33;7,00;70,00;17,00;42,50;10,00;3,00
792;792;792;7,00;23,33;5,00;50,00;12,00;30,00;15,00;11,00
793;793;793;4,00;13,33;5,00;50,00;9,00;22,50;18,00;10,00
794;794;794;12,00;40,00;8,00;80,00;20,00;50,00;7,00;6,00
795;795;795;12,00;40,00;8,00;80,00;20,00;50,00;7,00;2,00
796;796;796;9,00;30,00;9,00;90,00;18,00;45,00;9,00;4,00
797;797;797;17,00;56,67;8,00;80,00;25,00;62,50;2,00;1,00
798;798;798;10,00;33,33;7,00;70,00;17,00;42,50;10,00;9,00
799;799;799;13,00;43,33;6,00;60,00;19,00;47,50;8,00;7,00
800;800;800;9,00;30,00;7,00;70,00;16,00;40,00;11,00;7,00
801;801;801;11,00;36,67;6,00;60,00;17,00;42,50;10,00;9,00
802;802;802;15,00;50,00;8,00;80,00;23,00;57,50;4,00;1,00
803;803;803;14,00;46,67;8,00;80,00;22,00;55,00;5,00;2,00
804;804;804;10,00;33,33;8,00;80,00;18,00;45,00;9,00;4,00
805;805;805;15,00;50,00;5,00;50,00;20,00;50,00;7,00;4,00
806;806;806;7,00;23,33;5,00;50,00;12,00;30,00;15,00;11,00
807;807;807;6,00;20,00;7,00;70,00;13,00;32,50;14,00;7,00
808;808;808;12,00;40,00;8,00;80,00;20,00;50,00;7,00;4,00
809;809;809;15,00;50,00;8,00;80,00;23,00;57,50;4,00;3,00
810;810;810;15,00;50,00;8,00;80,00;23,00;57,50;4,00;3,00
811;811;811;14,00;46,67;6,00;60,00;20,00;50,00;7,00;4,00
812;812;812;8,00;26,67;8,00;80,00;16,00;40,00;11,00;7,00
813;813;813;14,00;46,67;8,00;80,00;22,00;55,00;5,00;2,00
814;814;814;9,00;30,00;7,00;70,00;16,00;40,00;11,00;7,00
815;815;815;7,00;23,33;6,00;60,00;13,00;32,50;14,00;10,00
816;816;816;11,00;36,67;3,00;30,00;14,00;35,00;13,00;12,00
817;817;817;11,00;36,67;7,00;70,00;18,00;45,00;9,00;5,00
818;818;818;7,00;23,33;4,00;40,00;11,00;27,50;16,00;15,00
819;819;819;9,00;30,00;5,00;50,00;14,00;35,00;13,00;12,00
820;820;820;11,00;36,67;9,00;90,00;20,00;50,00;7,00;6,00
821;821;821;9,00;30,00;7,00;70,00;16,00;40,00;11,00;10,00
822;822;822;7,00;23,33;6,00;60,00;13,00;32,50;14,00;7,00
823;823;823;6,00;20,00;9,00;90,00;15,00;37,50;12,00;8,00
824;824;824;11,00;36,67;7,00;70,00;18,00;45,00;9,00;5,00
825;825;825;14,00;46,67;8,00;80,00;22,00;55,00;5,00;4,00
826;826;826;9,00;30,00;6,00;60,00;15,00;37,50;12,00;9,00
827;827;827;8,00;26,67;3,00;30,00;11,00;27,50;16,00;8,00
828;828;828;15,00;50,00;7,00;70,00;22,00;55,00;5,00;4,00
829;829;829;8,00;26,67;7,00;70,00;15,00;37,50;12,00;8,00
830;830;830;5,00;16,67;7,00;70,00;12,00;30,00;15,00;7,00
831;831;831;9,00;30,00;6,00;60,00;15,00;37,50;12,00;4,00
832;832;832;4,00;13,33;9,00;90,00;13,00;32,50;14,00;6,00
833;833;833;13,00;43,33;8,00;80,00;21,00;52,50;6,00;5,00
834;834;834;13,00;43,33;8,00;80,00;21,00;52,50;6,00;2,00
835;835;835;12,00;40,00;7,00;70,00;19,00;47,50;8,00;7,00
836;836;836;12,00;40,00;8,00;80,00;20,00;50,00;7,00;2,00
837;837;837;7,00;23,33;7,00;70,00;14,00;35,00;13,00;9,00
838;838;838;13,00;43,33;7,00;70,00;20,00;50,00;7,00;4,00
839;839;839;11,00;36,67;7,00;70,00;18,00;45,00;9,00;5,00
840;840;840;6,00;20,00;8,00;80,00;14,00;35,00;13,00;5,00
841;841;841;12,00;40,00;9,00;90,00;21,00;52,50;6,00;3,00
842;842;842;10,00;33,33;4,00;40,00;14,00;35,00;13,00;10,00
843;843;843;7,00;23,33;8,00;80,00;15,00;37,50;12,00;4,00
844;844;844;12,00;40,00;9,00;90,00;21,00;52,50;6,00;5,00
845;845;845;15,00;50,00;6,00;60,00;21,00;52,50;6,00;5,00
846;846;846;11,00;36,67;5,00;50,00;16,00;40,00;11,00;7,00
847;847;847;15,00;50,00;8,00;80,00;23,00;57,50;4,00;3,00
848;848;848;4,00;13,33;6,00;60,00;10,00;25,00;17,00;12,00
849;849;849;14,00;46,67;8,00;80,00;22,00;55,00;5,00;2,00
850;850;850;12,00;40,00;8,00;80,00;20,00;50,00;7,00;6,00
851;851;851;11,00;36,67;8,00;80,00;19,00;47,50;8,00;7,00
852;852;852;10,00;33,33;6,00;60,00;16,00;40,00;11,00;10,00
853;853;853;10,00;33,33;9,00;90,00;19,00;47,50;8,00;7,00
854;854;854;15,00;50,00;5,00;50,00;20,00;50,00;7,00;3,00
855;855;855;7,00;23,33;6,00;60,00;13,00;32,50;14,00;10,00
856;856;856;18,00;60,00;7,00;70,00;25,00;62,50;2,00;2,00
857;857;857;8,00;26,67;7,00;70,00;15,00;37,50;12,00;11,00
858;858;858;10,00;33,33;4,00;40,00;14,00;35,00;13,00;5,00
859;859;859;9,00;30,00;7,00;70,00;16,00;40,00;11,00;7,00
860;860;860;8,00;26,67;7,00;70,00;15,00;37,50;12,00;8,00
861;861;861;9,00;30,00;8,00;80,00;17,00;42,50;10,00;9,00
862;862;862;14,00;46,67;6,00;60,00;20,00;50,00;7,00;6,00
863;863;863;11,00;36,67;8,00;80,00;19,00;47,50;8,00;7,00
864;864;864;10,00;33,33;8,00;80,00;18,00;45,00;9,00;6,00
865;865;865;9,00;30,00;8,00;80,00;17,00;42,50;10,00;6,00
866;866;866;4,00;13,33;7,00;70,00;11,00;27,50;16,00;8,00
867;867;867;7,00;23,33;7,00;70,00;14,00;35,00;13,00;9,00
868;868;868;11,00;36,67;7,00;70,00;18,00;45,00;9,00;4,00
869;869;869;13,00;43,33;6,00;60,00;19,00;47,50;8,00;7,00
870;870;870;9,00;30,00;7,00;70,00;16,00;40,00;11,00;7,00
871;871;871;9,00;30,00;7,00;70,00;16,00;40,00;11,00;7,00
872;872;872;8,00;26,67;5,00;50,00;13,00;32,50;14,00;10,00
873;873;873;11,00;36,67;7,00;70,00;18,00;45,00;9,00;4,00
874;874;874;5,00;16,67;8,00;80,00;13,00;32,50;14,00;13,00
875;875;875;13,00;43,33;7,00;70,00;20,00;50,00;7,00;6,00
876;876;876;13,00;43,33;7,00;70,00;20,00;50,00;7,00;6,00
877;877;877;15,00;50,00;7,00;70,00;22,00;55,00;5,00;4,00
878;878;878;13,00;43,33;10,00;100,00;23,00;57,50;4,00;1,00
879;879;879;11,00;36,67;4,00;40,00;15,00;37,50;12,00;4,00
880;880;880;10,00;33,33;5,00;50,00;15,00;37,50;12,00;4,00
881;881;881;18,00;60,00;7,00;70,00;25,00;62,50;2,00;1,00
882;882;882;10,00;33,33;6,00;60,00;16,00;40,00;11,00;8,00
883;883;883;5,00;16,67;6,00;60,00;11,00;27,50;16,00;8,00
884;884;884;14,00;46,67;8,00;80,00;22,00;55,00;5,00;4,00
885;885;885;8,00;26,67;7,00;70,00;15,00;37,50;12,00;4,00
886;886;886;6,00;20,00;6,00;60,00;12,00;30,00;15,00;14,00
887;887;887;11,00;36,67;4,00;40,00;15,00;37,50;12,00;4,00
888;888;888;14,00;46,67;9,00;90,00;23,00;57,50;4,00;1,00
889;889;889;8,00;26,67;5,00;50,00;13,00;32,50;14,00;10,00
890;890;890;13,00;43,33;7,00;70,00;20,00;50,00;7,00;4,00
891;891;891;8,00;26,67;7,00;70,00;15,00;37,50;12,00;8,00
892;892;892;9,00;30,00;8,00;80,00;17,00;42,50;10,00;9,00
893;893;893;7,00;23,33;8,00;80,00;15,00;37,50;12,00;8,00
894;894;894;8,00;26,67;6,00;60,00;14,00;35,00;13,00;12,00
895;895;895;7,00;23,33;8,00;80,00;15,00;37,50;12,00;4,00
896;896;896;7,00;23,33;6,00;60,00;13,00;32,50;14,00;10,00
897;897;897;16,00;53,33;9,00;90,00;25,00;62,50;2,00;1,00
898;898;898;7,00;23,33;3,00;30,00;10,00;25,00;17,00;9,00
899;899;899;7,00;23,33;5,00;50,00;12,00;30,00;15,00;7,00
900;900;900;12,00;40,00;7,00;70,00;19,00;47,50;8,00;7,00
901;901;901;17,00;56,67;7,00;70,00;24,00;60,00;3,00;2,00
902;902;902;6,00;20,00;8,00;80,00;14,00;35,00;13,00;10,00
903;903;903;11,00;36,67;6,00;60,00;17,00;42,50;10,00;6,00
904;904;904;9,00;30,00;7,00;70,00;16,00;40,00;11,00;7,00
905;905;905;8,00;26,67;5,00;50,00;13,00;32,50;14,00;6,00
906;906;906;12,00;40,00;7,00;70,00;19,00;47,50;8,00;7,00
907;907;907;11,00;36,67;7,00;70,00;18,00;45,00;9,00;8,00
908;908;908;12,00;40,00;7,00;70,00;19,00;47,50;8,00;7,00
909;909;909;9,00;30,00;5,00;50,00;14,00;35,00;13,00;10,00
910;910;910;9,00;30,00;8,00;80,00;17,00;42,50;10,00;3,00
911;911;911;12,00;40,00;7,00;70,00;19,00;47,50;8,00;7,00
912;912;912;16,00;53,33;7,00;70,00;23,00;57,50;4,00;3,00
913;913;913;11,00;36,67;7,00;70,00;18,00;45,00;9,00;6,00
914;914;914;19,00;63,33;9,00;90,00;28,00;70,00;1,00;1,00
915;915;915;5,00;16,67;7,00;70,00;12,00;30,00;15,00;11,00
916;916;916;4,00;13,33;5,00;50,00;9,00;22,50;18,00;10,00
917;917;917;10,00;33,33;7,00;70,00;17,00;42,50;10,00;7,00
918;918;918;8,00;26,67;7,00;70,00;15,00;37,50;12,00;11,00
919;919;919;11,00;36,67;6,00;60,00;17,00;42,50;10,00;5,00
920;920;920;12,00;40,00;7,00;70,00;19,00;47,50;8,00;5,00
921;921;921;12,00;40,00;6,00;60,00;18,00;45,00;9,00;8,00
922;922;922;8,00;26,67;4,00;40,00;12,00;30,00;15,00;11,00
923;923;923;16,00;53,33;6,00;60,00;22,00;55,00;5,00;1,00
924;924;924;8,00;26,67;5,00;50,00;13,00;32,50;14,00;2,00
925;925;925;9,00;30,00;2,00;20,00;11,00;27,50;18,00;10,00
926;926;926;10,00;33,33;6,00;60,00;16,00;40,00;13,00;3,00
927;927;927;11,00;36,67;4,00;40,00;15,00;37,50;14,00;10,00
928;928;928;2,00;6,67;3,00;30,00;5,00;12,50;24,00;8,00
929;929;929;6,00;20,00;5,00;50,00;11,00;27,50;18,00;10,00
930;930;930;10,00;33,33;3,00;30,00;13,00;32,50;16,00;5,00
931;931;931;18,00;60,00;8,00;80,00;26,00;65,00;3,00;2,00
932;932;932;13,00;43,33;5,00;50,00;18,00;45,00;11,00;5,00
933;933;933;9,00;30,00;4,00;40,00;13,00;32,50;16,00;13,00
934;934;934;11,00;36,67;8,00;80,00;19,00;47,50;10,00;4,00
935;935;935;9,00;30,00;5,00;50,00;14,00;35,00;15,00;9,00
936;936;936;12,00;40,00;5,00;50,00;17,00;42,50;12,00;8,00
937;937;937;11,00;36,67;6,00;60,00;17,00;42,50;12,00;6,00
938;938;938;12,00;40,00;6,00;60,00;18,00;45,00;11,00;7,00
939;939;939;6,00;20,00;8,00;80,00;14,00;35,00;15,00;7,00
940;940;940;9,00;30,00;5,00;50,00;14,00;35,00;15,00;4,00
941;941;941;7,00;23,33;6,00;60,00;13,00;32,50;16,00;8,00
942;942;942;12,00;40,00;5,00;50,00;17,00;42,50;12,00;8,00
943;943;943;12,00;40,00;7,00;70,00;19,00;47,50;10,00;2,00
944;944;944;17,00;56,67;6,00;60,00;23,00;57,50;6,00;3,00
945;945;945;10,00;33,33;2,00;20,00;12,00;30,00;17,00;9,00
946;946;946;12,00;40,00;6,00;60,00;18,00;45,00;11,00;8,00
947;947;947;4,00;13,33;7,00;70,00;11,00;27,50;18,00;14,00
948;948;948;14,00;46,67;7,00;70,00;21,00;52,50;8,00;2,00
949;949;949;11,00;36,67;6,00;60,00;17,00;42,50;12,00;5,00
950;950;950;12,00;40,00;6,00;60,00;18,00;45,00;11,00;4,00
951;951;951;9,00;30,00;5,00;50,00;14,00;35,00;15,00;12,00
952;952;952;12,00;40,00;4,00;40,00;16,00;40,00;13,00;10,00
953;953;953;12,00;40,00;6,00;60,00;18,00;45,00;11,00;5,00
954;954;954;10,00;33,33;7,00;70,00;17,00;42,50;12,00;6,00
955;955;955;9,00;30,00;6,00;60,00;15,00;37,50;14,00;8,00
956;956;956;5,00;16,67;6,00;60,00;11,00;27,50;18,00;6,00
957;957;957;10,00;33,33;4,00;40,00;14,00;35,00;15,00;12,00
958;958;958;7,00;23,33;4,00;40,00;11,00;27,50;18,00;15,00
959;959;959;10,00;33,33;7,00;70,00;17,00;42,50;12,00;2,00
960;960;960;8,00;26,67;5,00;50,00;13,00;32,50;16,00;5,00
961;961;961;11,00;36,67;5,00;50,00;16,00;40,00;13,00;7,00
962;962;962;10,00;33,33;7,00;70,00;17,00;42,50;12,00;4,00
963;963;963;11,00;36,67;5,00;50,00;16,00;40,00;13,00;6,00
964;964;964;9,00;30,00;7,00;70,00;16,00;40,00;13,00;7,00
965;965;965;8,00;26,67;6,00;60,00;14,00;35,00;15,00;9,00
966;966;966;14,00;46,67;6,00;60,00;20,00;50,00;9,00;2,00
967;967;967;12,00;40,00;7,00;70,00;19,00;47,50;10,00;2,00
968;968;968;11,00;36,67;5,00;50,00;16,00;40,00;13,00;6,00
969;969;969;13,00;43,33;6,00;60,00;19,00;47,50;10,00;7,00
970;970;970;13,00;43,33;4,00;40,00;17,00;42,50;12,00;9,00
971;971;971;9,00;30,00;3,00;30,00;12,00;30,00;17,00;11,00
972;972;972;10,00;33,33;6,00;60,00;16,00;40,00;13,00;5,00
973;973;973;11,00;36,67;3,00;30,00;14,00;35,00;15,00;11,00
974;974;974;9,00;30,00;3,00;30,00;12,00;30,00;17,00;9,00
975;975;975;12,00;40,00;4,00;40,00;16,00;40,00;13,00;5,00
976;976;976;10,00;33,33;5,00;50,00;15,00;37,50;14,00;3,00
977;977;977;9,00;30,00;4,00;40,00;13,00;32,50;16,00;5,00
978;978;978;15,00;50,00;7,00;70,00;22,00;55,00;7,00;4,00
979;979;979;11,00;36,67;3,00;30,00;14,00;35,00;15,00;9,00
980;980;980;4,00;13,33;5,00;50,00;9,00;22,50;20,00;17,00
981;981;981;9,00;30,00;8,00;80,00;17,00;42,50;12,00;2,00
982;982;982;6,00;20,00;4,00;40,00;10,00;25,00;19,00;13,00
983;983;983;11,00;36,67;5,00;50,00;16,00;40,00;13,00;9,00
984;984;984;10,00;33,33;6,00;60,00;16,00;40,00;13,00;6,00
985;985;985;7,00;23,33;4,00;40,00;11,00;27,50;18,00;7,00
986;986;986;15,00;50,00;6,00;60,00;21,00;52,50;8,00;3,00
987;987;987;7,00;23,33;4,00;40,00;11,00;27,50;18,00;15,00
988;988;988;12,00;40,00;6,00;60,00;18,00;45,00;11,00;5,00
989;989;989;8,00;26,67;6,00;60,00;14,00;35,00;15,00;9,00
990;990;990;17,00;56,67;3,00;30,00;20,00;50,00;9,00;1,00
991;991;991;11,00;36,67;4,00;40,00;15,00;37,50;14,00;11,00
992;992;992;10,00;33,33;7,00;70,00;17,00;42,50;12,00;6,00
993;993;993;3,00;10,00;3,00;30,00;6,00;15,00;23,00;13,00
994;994;994;14,00;46,67;6,00;60,00;20,00;50,00;9,00;3,00
995;995;995;14,00;46,67;8,00;80,00;22,00;55,00;7,00;1,00
996;996;996;9,00;30,00;5,00;50,00;14,00;35,00;15,00;4,00
997;997;997;14,00;46,67;4,00;40,00;18,00;45,00;11,00;5,00
998;998;998;13,00;43,33;6,00;60,00;19,00;47,50;10,00;3,00
999;999;999;14,00;46,67;6,00;60,00;20,00;50,00;9,00;6,00
1000;1000;1000;10,00;33,33;4,00;40,00;14,00;35,00;15,00;7,00
1001;1001;1001;12,00;40,00;6,00;60,00;18,00;45,00;11,00;4,00
1002;1002;1002;7,00;23,33;7,00;70,00;14,00;35,00;15,00;7,00
1003;1003;1003;11,00;36,67;2,00;20,00;13,00;32,50;16,00;12,00
1004;1004;1004;12,00;40,00;6,00;60,00;18,00;45,00;11,00;7,00
1005;1005;1005;10,00;33,33;3,00;30,00;13,00;32,50;16,00;8,00
1006;1006;1006;11,00;36,67;5,00;50,00;16,00;40,00;13,00;7,00
1007;1007;1007;10,00;33,33;6,00;60,00;16,00;40,00;13,00;7,00
1008;1008;1008;10,00;33,33;6,00;60,00;16,00;40,00;13,00;7,00
1009;1009;1009;10,00;33,33;5,00;50,00;15,00;37,50;14,00;8,00
1010;1010;1010;10,00;33,33;8,00;80,00;18,00;45,00;11,00;1,00
1011;1011;1011;8,00;26,67;4,00;40,00;12,00;30,00;17,00;6,00
1012;1012;1012;7,00;23,33;3,00;30,00;10,00;25,00;19,00;13,00
1013;1013;1013;14,00;46,67;4,00;40,00;18,00;45,00;11,00;7,00
1014;1014;1014;10,00;33,33;3,00;30,00;13,00;32,50;16,00;5,00
1015;1015;1015;8,00;26,67;6,00;60,00;14,00;35,00;15,00;7,00
1016;1016;1016;8,00;26,67;4,00;40,00;12,00;30,00;17,00;11,00
1017;1017;1017;7,00;23,33;6,00;60,00;13,00;32,50;16,00;5,00
1018;1018;1018;12,00;40,00;5,00;50,00;17,00;42,50;12,00;4,00
1019;1019;1019;9,00;30,00;5,00;50,00;14,00;35,00;15,00;7,00
1020;1020;1020;5,00;16,67;3,00;30,00;8,00;20,00;21,00;15,00
1021;1021;1021;7,00;23,33;4,00;40,00;11,00;27,50;18,00;10,00
1022;1022;1022;9,00;30,00;2,00;20,00;11,00;27,50;18,00;12,00
1023;1023;1023;12,00;40,00;3,00;30,00;15,00;37,50;14,00;8,00
1024;1024;1024;13,00;43,33;6,00;60,00;19,00;47,50;10,00;4,00
1025;1025;1025;7,00;23,33;6,00;60,00;13,00;32,50;16,00;10,00
1026;1026;1026;8,00;26,67;4,00;40,00;12,00;30,00;17,00;11,00
1027;1027;1027;11,00;36,67;5,00;50,00;16,00;40,00;13,00;6,00
1028;1028;1028;10,00;33,33;7,00;70,00;17,00;42,50;12,00;2,00
1029;1029;1029;7,00;23,33;5,00;50,00;12,00;30,00;17,00;11,00
1030;1030;1030;10,00;33,33;8,00;80,00;18,00;45,00;11,00;5,00
1031;1031;1031;10,00;33,33;6,00;60,00;16,00;40,00;13,00;5,00
1032;1032;1032;13,00;43,33;4,00;40,00;17,00;42,50;12,00;4,00
1033;1033;1033;9,00;30,00;2,00;20,00;11,00;27,50;18,00;10,00
1034;1034;1034;8,00;26,67;6,00;60,00;14,00;35,00;15,00;7,00
1035;1035;1035;11,00;36,67;8,00;80,00;19,00;47,50;10,00;3,00
1036;1036;1036;13,00;43,33;4,00;40,00;17,00;42,50;12,00;9,00
1037;1037;1037;6,00;20,00;4,00;40,00;10,00;25,00;19,00;11,00
1038;1038;1038;8,00;26,67;4,00;40,00;12,00;30,00;17,00;14,00
1039;1039;1039;8,00;26,67;6,00;60,00;14,00;35,00;15,00;7,00
1040;1040;1040;12,00;40,00;4,00;40,00;16,00;40,00;13,00;5,00
1041;1041;1041;9,00;30,00;3,00;30,00;12,00;30,00;17,00;13,00
1042;1042;1042;10,00;33,33;5,00;50,00;15,00;37,50;14,00;8,00
1043;1043;1043;13,00;43,33;6,00;60,00;19,00;47,50;10,00;4,00
1044;1044;1044;9,00;30,00;4,00;40,00;13,00;32,50;16,00;8,00
1045;1045;1045;12,00;40,00;5,00;50,00;17,00;42,50;12,00;4,00
1046;1046;1046;12,00;40,00;5,00;50,00;17,00;42,50;12,00;4,00
1047;1047;1047;5,00;16,67;4,00;40,00;9,00;22,50;20,00;7,00
1048;1048;1048;4,00;13,33;7,00;70,00;11,00;27,50;18,00;15,00
1049;1049;1049;11,00;36,67;7,00;70,00;18,00;45,00;11,00;4,00
1050;1050;1050;8,00;26,67;7,00;70,00;15,00;37,50;14,00;6,00
1051;1051;1051;8,00;26,67;3,00;30,00;11,00;27,50;18,00;2,00
1052;1052;1052;12,00;40,00;6,00;60,00;18,00;45,00;11,00;5,00
1053;1053;1053;14,00;46,67;6,00;60,00;20,00;50,00;9,00;1,00
1054;1054;1054;13,00;43,33;5,00;50,00;18,00;45,00;11,00;5,00
1055;1055;1055;12,00;40,00;5,00;50,00;17,00;42,50;12,00;6,00
1056;1056;1056;5,00;16,67;5,00;50,00;10,00;25,00;19,00;15,00
1057;1057;1057;11,00;36,67;7,00;70,00;18,00;45,00;11,00;7,00
1058;1058;1058;13,00;43,33;6,00;60,00;19,00;47,50;10,00;2,00
1059;1059;1059;9,00;30,00;8,00;80,00;17,00;42,50;12,00;6,00
1060;1060;1060;14,00;46,67;5,00;50,00;19,00;47,50;10,00;7,00
1061;1061;1061;10,00;33,33;5,00;50,00;15,00;37,50;14,00;11,00
1062;1062;1062;12,00;40,00;5,00;50,00;17,00;42,50;12,00;6,00
1063;1063;1063;8,00;26,67;6,00;60,00;14,00;35,00;15,00;4,00
1064;1064;1064;7,00;23,33;9,00;90,00;16,00;40,00;13,00;7,00
1065;1065;1065;8,00;26,67;6,00;60,00;14,00;35,00;15,00;9,00
1066;1066;1066;10,00;33,33;5,00;50,00;15,00;37,50;14,00;10,00
1067;1067;1067;11,00;36,67;6,00;60,00;17,00;42,50;12,00;5,00
1068;1068;1068;4,00;13,33;2,00;20,00;6,00;15,00;23,00;10,00
1069;1069;1069;7,00;23,33;4,00;40,00;11,00;27,50;18,00;12,00
1070;1070;1070;12,00;40,00;8,00;80,00;20,00;50,00;9,00;3,00
1071;1071;1071;16,00;53,33;7,00;70,00;23,00;57,50;6,00;1,00
1072;1072;1072;3,00;10,00;5,00;50,00;8,00;20,00;21,00;16,00
1073;1073;1073;11,00;36,67;6,00;60,00;17,00;42,50;12,00;8,00
1074;1074;1074;5,00;16,67;6,00;60,00;11,00;27,50;18,00;10,00
1075;1075;1075;9,00;30,00;8,00;80,00;17,00;42,50;12,00;6,00
1076;1076;1076;12,00;40,00;4,00;40,00;16,00;40,00;13,00;6,00
1077;1077;1077;11,00;36,67;7,00;70,00;18,00;45,00;11,00;4,00
1078;1078;1078;11,00;36,67;6,00;60,00;17,00;42,50;12,00;6,00
1079;1079;1079;10,00;33,33;9,00;90,00;19,00;47,50;10,00;3,00
1080;1080;1080;9,00;30,00;4,00;40,00;13,00;32,50;16,00;8,00
1081;1081;1081;16,00;53,33;8,00;80,00;24,00;60,00;5,00;3,00
1082;1082;1082;11,00;36,67;6,00;60,00;17,00;42,50;12,00;4,00
1083;1083;1083;6,00;20,00;3,00;30,00;9,00;22,50;20,00;14,00
1084;1084;1084;19,00;63,33;9,00;90,00;28,00;70,00;1,00;1,00
1085;1085;1085;12,00;40,00;6,00;60,00;18,00;45,00;11,00;5,00
1086;1086;1086;7,00;23,33;5,00;50,00;12,00;30,00;17,00;9,00
1087;1087;1087;13,00;43,33;6,00;60,00;19,00;47,50;10,00;4,00
1088;1088;1088;9,00;30,00;7,00;70,00;16,00;40,00;13,00;5,00
1089;1089;1089;11,00;36,67;4,00;40,00;15,00;37,50;14,00;1,00
1090;1090;1090;12,00;40,00;6,00;60,00;18,00;45,00;11,00;3,00
1091;1091;1091;15,00;50,00;5,00;50,00;20,00;50,00;9,00;1,00
1092;1092;1092;16,00;53,33;4,00;40,00;20,00;50,00;9,00;2,00
1093;1093;1093;10,00;33,33;7,00;70,00;17,00;42,50;12,00;6,00
1094;1094;1094;6,00;20,00;8,00;80,00;14,00;35,00;15,00;4,00
1095;1095;1095;14,00;46,67;7,00;70,00;21,00;52,50;8,00;5,00
1096;1096;1096;13,00;43,33;5,00;50,00;18,00;45,00;11,00;8,00
1097;1097;1097;18,00;60,00;7,00;70,00;25,00;62,50;4,00;1,00
1098;1098;1098;12,00;40,00;7,00;70,00;19,00;47,50;10,00;4,00
1099;1099;1099;17,00;56,67;7,00;70,00;24,00;60,00;5,00;2,00
1100;1100;1100;16,00;53,33;8,00;80,00;24,00;60,00;5,00;1,00
1101;1101;1101;14,00;46,67;5,00;50,00;19,00;47,50;10,00;6,00
1102;1102;1102;9,00;30,00;4,00;40,00;13,00;32,50;16,00;13,00
1103;1103;1103;10,00;33,33;3,00;30,00;13,00;32,50;16,00;10,00
1104;1104;1104;8,00;26,67;2,00;20,00;10,00;25,00;19,00;8,00
1105;1105;1105;13,00;43,33;4,00;40,00;17,00;42,50;12,00;4,00
1106;1106;1106;11,00;36,67;5,00;50,00;16,00;40,00;13,00;6,00
1107;1107;1107;17,00;56,67;5,00;50,00;22,00;55,00;7,00;4,00
1108;1108;1108;13,00;43,33;5,00;50,00;18,00;45,00;11,00;5,00
1109;1109;1109;13,00;43,33;6,00;60,00;19,00;47,50;10,00;2,00
1110;1110;1110;8,00;26,67;5,00;50,00;13,00;32,50;16,00;10,00
1111;1111;1111;12,00;40,00;3,00;30,00;15,00;37,50;14,00;8,00
1112;1112;1112;10,00;33,33;7,00;70,00;17,00;42,50;12,00;2,00
1113;1113;1113;2,00;6,67;6,00;60,00;8,00;20,00;21,00;9,00
1114;1114;1114;9,00;30,00;2,00;20,00;11,00;27,50;18,00;10,00
1115;1115;1115;10,00;33,33;5,00;50,00;15,00;37,50;14,00;6,00
1116;1116;1116;12,00;40,00;7,00;70,00;19,00;47,50;10,00;7,00
1117;1117;1117;15,00;50,00;7,00;70,00;22,00;55,00;7,00;2,00
1118;1118;1118;12,00;40,00;4,00;40,00;16,00;40,00;13,00;7,00
1119;1119;1119;11,00;36,67;6,00;60,00;17,00;42,50;12,00;6,00
1120;1120;1120;11,00;36,67;8,00;80,00;19,00;47,50;10,00;4,00
1121;1121;1121;12,00;40,00;9,00;90,00;21,00;52,50;8,00;5,00
1122;1122;1122;8,00;26,67;5,00;50,00;13,00;32,50;16,00;10,00
1123;1123;1123;14,00;46,67;6,00;60,00;20,00;50,00;9,00;6,00
1124;1124;1124;12,00;40,00;8,00;80,00;20,00;50,00;9,00;1,00
1125;1125;1125;11,00;36,67;3,00;30,00;14,00;35,00;15,00;7,00
1126;1126;1126;10,00;33,33;6,00;60,00;16,00;40,00;13,00;10,00
1127;1127;1127;8,00;26,67;4,00;40,00;12,00;30,00;17,00;11,00
1128;1128;1128;9,00;30,00;6,00;60,00;15,00;37,50;14,00;3,00
1129;1129;1129;12,00;40,00;3,00;30,00;15,00;37,50;14,00;10,00
1130;1130;1130;20,00;66,67;7,00;70,00;27,00;67,50;2,00;1,00
1131;1131;1131;9,00;30,00;5,00;50,00;14,00;35,00;15,00;12,00
1132;1132;1132;13,00;43,33;8,00;80,00;21,00;52,50;8,00;5,00
1133;1133;1133;9,00;30,00;1,00;10,00;10,00;25,00;19,00;16,00
1134;1134;1134;6,00;20,00;6,00;60,00;12,00;30,00;17,00;9,00
1135;1135;1135;6,00;20,00;5,00;50,00;11,00;27,50;18,00;12,00
1136;1136;1136;12,00;40,00;5,00;50,00;17,00;42,50;12,00;1,00
1137;1137;1137;9,00;30,00;7,00;70,00;16,00;40,00;13,00;2,00
1138;1138;1138;6,00;20,00;5,00;50,00;11,00;27,50;18,00;3,00
1139;1139;1139;6,00;20,00;4,00;40,00;10,00;25,00;19,00;4,00
1140;1140;1140;4,00;13,33;3,00;30,00;7,00;17,50;22,00;5,00
1141;1141;1141;20,00;66,67;5,00;50,00;10,00;80,00;5,00;5,00
1142;1142;1142;15,00;50,00;7,00;70,00;10,00;90,00;19,00;19,00
1143;1143;1143;11,00;55,00;4,00;40,00;5,00;30,00;12,00;12,00
1144;1144;1144;13,00;65,00;8,00;80,00;6,50;25,00;11,00;11,00
1145;1145;1145;12,00;60,00;10,00;100,00;3,33;40,00;5,00;5,00
1146;1146;1146;8,00;40,00;3,00;30,00;5,00;14,00;10,00;10,00
1147;1147;1147;5,00;25,00;1,00;10,00;8,00;15,00;9,00;9,00
1148;1148;1148;10,00;50,00;2,00;20,00;2,00;11,00;2,00;2,00
